Job ID,Job URL,Job Title,Company Name,Status,Timestamp,WP ID
c34102254605dd58,https://jm.linkedin.com/jobs/view/specialist-payroll-mbj-at-delta-air-lines-4435299194,"Specialist, Payroll (MBJ)",,scraped,2026-07-07T02:04:45.924220,
e944c6b48551b865,https://jm.linkedin.com/jobs/view/coordinator-payroll-mbj-at-delta-air-lines-4435297203,"Coordinator, Payroll (MBJ)",,scraped,2026-07-07T02:04:52.953622,
0ed37afa9a9b071e,https://jm.linkedin.com/jobs/view/mission-control-specialist-at-centerfield-4432721250,Mission Control Specialist,,scraped,2026-07-07T02:05:00.228651,
ffba2574105dd9a9,https://jm.linkedin.com/jobs/view/payroll-analyst-1-at-digicel-group-4420127900,Payroll Analyst 1,,scraped,2026-07-07T02:06:11.918567,
1279188e335012dc,https://jm.linkedin.com/jobs/view/childcare-provider-at-crunch-fitness-fit-fusion-llc-4436793470,Childcare Provider,,scraped,2026-07-07T02:06:18.743555,
adc4b4777ba5ae04,https://jm.linkedin.com/jobs/view/facility-maintenance-technician-at-pricesmart-4433103028,Facility Maintenance Technician,,scraped,2026-07-07T02:06:57.757258,
b04c6e7cf9deb8e4,https://jm.linkedin.com/jobs/view/facility-maintenance-technician-at-pricesmart-4433100342,Facility Maintenance Technician,,scraped,2026-07-07T02:07:23.544136,
20a67b781112a4ab,https://jm.linkedin.com/jobs/view/inventory-compliance-specialist-at-jacana-4437412689,Inventory Compliance Specialist,,scraped,2026-07-07T02:07:37.520575,
8fce30be8742e7ee,https://jm.linkedin.com/jobs/view/hse-officer-at-sampol-4416889604,HSE OFFICER,,scraped,2026-07-07T02:07:44.199150,
aa74a73586435dc7,https://jm.linkedin.com/jobs/view/purchasing%C2%A0specialist%C2%A0-%C2%A0construction-maintenance-furniture%C2%A0materials-at-catalonia-hotels-resorts-4436413459,"Purchasing Specialist - Construction, Maintenance & Furniture materials",,scraped,2026-07-07T02:07:52.371810,
18e2a413cc2610b8,https://jm.linkedin.com/jobs/view/secretary-in-the-political-press-and-information-section-at-eubam-libya-4437111921,"Secretary in the Political, Press and Information Section",,scraped,2026-07-07T02:07:59.252384,
c59afb383c61cd67,https://jm.linkedin.com/jobs/view/group-leaders-%E2%80%93-quest-%40-sherrills-ford-and-quest-%40-maiden-elem-at-children-resource-ctr-4431963927,Group Leaders – QUEST @ Sherrills Ford and QUEST @ Maiden Elem.,Children Resource Ctr,posted,2026-07-07T02:08:16.367689,25
ebad8d2cf9a35282,https://jm.linkedin.com/jobs/view/freelance-chatbot-developer-whatsapp-telegram-discord-at-mindrift-4436746041,Freelance Chatbot Developer (WhatsApp / Telegram / Discord),,scraped,2026-07-07T02:08:19.286729,
e2e22619fe1baa6c,https://jm.linkedin.com/jobs/view/payroll-apprentice-at-the-apprenticeship-guide-4433749521,Payroll Apprentice,,scraped,2026-07-07T02:09:23.318611,
a17f829eb326385e,https://jm.linkedin.com/jobs/view/morning-group-leader-%E2%80%93-quest-%40-oxford-elem-at-children-resource-ctr-4431973345,Morning Group Leader – QUEST @ Oxford Elem,,scraped,2026-07-07T02:09:31.704941,
e1e8061c574f211e,https://jm.linkedin.com/jobs/view/microwave-engineer-at-acerh-caribe-4435704247,Microwave Engineer,,scraped,2026-07-07T02:10:51.085434,
5c7f095765537123,https://jm.linkedin.com/jobs/view/part-time-afternoon-%E2%80%93-teacher%E2%80%99s-assistant-%E2%80%93-tabernacle-kids-early-learning-center-at-children-resource-ctr-4431971519,Part Time Afternoon – Teacher’s Assistant – Tabernacle Kids Early Learning Center,,scraped,2026-07-07T02:11:11.142135,
71c990e803a838c8,https://jm.linkedin.com/jobs/view/sessional-academy-football-coach-at-carshalton-college-4436256788,SESSIONAL ACADEMY FOOTBALL COACH,Carshalton College,posted,2026-07-07T02:11:47.126095,27
f72e07e6633772f2,https://jm.linkedin.com/jobs/view/content-social-media-executive-at-media-waypoint-4433970144,Content & Social Media Executive,,scraped,2026-07-07T02:11:49.819198,
944465c5f302e39c,https://jm.linkedin.com/jobs/view/creador-a-de-contenido-pov-para-ia-remoto-at-toloka-annotators-4435807411,Creador(a) de Contenido POV para IA - Remoto,,scraped,2026-07-07T02:11:58.606985,
379afc5c33649bfc,https://jm.linkedin.com/jobs/view/line-aircraft-technician-at-alaska-airlines-4435013545,Line Aircraft Technician,,scraped,2026-07-07T02:12:25.920433,
15ca0541b3e5f3b7,https://jm.linkedin.com/jobs/view/designer-%E2%80%93-denim-%2B-bottoms-at-golden-touch-4423954848,Designer – Denim + Bottoms,,scraped,2026-07-07T02:12:33.173212,
752fa3a8150a357a,https://jm.linkedin.com/jobs/view/account-executive-at-scale-army-careers-4434377582,Account Executive,,scraped,2026-07-07T02:13:44.135830,
be064f724697b83a,https://jm.linkedin.com/jobs/view/consulting-%E2%80%93-senior-consultant-assistant-manager-strategic-transformation-%E2%80%93-jamaica-at-deloitte-4352646383,Consulting – Senior Consultant/Assistant Manager (Strategic Transformation) – Jamaica,Deloitte,posted,2026-07-07T02:15:16.365889,29
e0d4e1000698c9ea,https://jm.linkedin.com/jobs/view/work-from-home-customer-service-representative-flexible-hours-at-alegria-travel-services-4427041457,Work from Home Customer Service Representative (Flexible Hours),,scraped,2026-07-07T02:15:19.211209,
a6d1c834dcaf6fbb,https://jm.linkedin.com/jobs/view/influencer-marketing-manager-at-remote-growth-partners-4437431592,Influencer Marketing Manager,,scraped,2026-07-07T02:15:33.269244,
a1a3a9cc6c3630a0,https://jm.linkedin.com/jobs/view/open-positions-grade-teachers-grade-1-grade-6-specialized-spanish-music-computer-cook-at-st-catherine-preparatory-school-4436141175,"Open Positions Grade Teachers (Grade 1, Grade 6) Specialized (Spanish, Music, Computer) & Cook",St. Catherine Preparatory School,posted,2026-07-07T02:16:08.536925,31
a20e081fd9fac00b,https://jm.linkedin.com/jobs/view/teacher-%E2%80%93-christ-church-cdc-at-children-resource-ctr-4431974276,Teacher – Christ Church CDC,,scraped,2026-07-07T02:16:11.413151,
17349ccff44c9ec8,https://jm.linkedin.com/jobs/view/sales-development-representative-at-remote-growth-partners-4437433443,Sales Development Representative,,scraped,2026-07-07T02:16:24.647250,
4ce6ffe9a4c84128,https://jm.linkedin.com/jobs/view/video-recorder-para-proyecto-de-ia-freelance-at-mindrift-4434680489,Video Recorder para Proyecto de IA (Freelance),,scraped,2026-07-07T02:18:12.738807,
28c5f18688e8f302,https://jm.linkedin.com/jobs/view/freelance-mobile-app-developer-ios-android-at-mindrift-4436714620,Freelance Mobile App Developer (iOS / Android),,scraped,2026-07-07T02:18:34.542760,
93a50134406c6c6b,https://jm.linkedin.com/jobs/view/wynik-naboru-na-stanowisko-specjalisty-ds-edukacji-ekologicznej-at-wielkopolski-park-narodowy-4437161449,Wynik naboru na stanowisko specjalisty ds. edukacji ekologicznej,,scraped,2026-07-07T02:19:01.449097,
9b460d61e7d3688d,https://jm.linkedin.com/jobs/view/zoho-automation-specialist-at-huzzle-com-4436485789,Zoho Automation Specialist,,scraped,2026-07-07T02:19:15.129950,
ace4e92b429617a8,https://jm.linkedin.com/jobs/view/jnr-content-creator-at-my-web-fairy-4436999988,Jnr Content Creator,,scraped,2026-07-07T02:19:22.387445,
aeb4215fffcc9e1f,https://jm.linkedin.com/jobs/view/technical-writer-b2b-social-media-search-seo-ai-referral-at-inair-4435528551,Technical Writer - B2B Social Media & Search (SEO/AI Referral),,scraped,2026-07-07T02:19:58.969457,
576e5eefcada06e9,https://jm.linkedin.com/jobs/view/customs-broker-clerk-at-karstarz-automotive-limited-4437100960,Customs Broker Clerk,Karstarz Automotive Limited,posted,2026-07-07T02:20:26.757128,33
b50da50b8bfb8c2f,https://jm.linkedin.com/jobs/view/country-security-manager-jamaica-at-samaritan-s-purse-4345102621,"Country Security Manager, Jamaica",Samaritan's Purse,posted,2026-07-07T02:20:36.345489,35
8424c7d544b38480,https://jm.linkedin.com/jobs/view/sales-representative-at-oca-island-vending-and-supplies-ltd-4436932273,Sales Representative,,scraped,2026-07-07T02:20:38.939742,
27f0bca9f25483f3,https://jm.linkedin.com/jobs/view/sports-data-collector-football-treasure-beach-jamaica-at-genius-sports-4384064331,"Sports Data Collector (Football) - Treasure Beach, Jamaica",,scraped,2026-07-07T02:20:45.141078,
a8d5abdb8f87f167,https://jm.linkedin.com/jobs/view/it-support-specialist-onsite-%E2%80%93-one-time-dispatch-at-sharp-brains-4433103125,IT Support Specialist (Onsite) – One-Time Dispatch,,scraped,2026-07-07T02:20:51.781559,
95526c679bff5541,https://jm.linkedin.com/jobs/view/inside-sales-law-firm-4436040729,Inside Sales Law Firm,Culpepper Law Group P.C.,posted,2026-07-07T02:22:11.714630,37
6bba1576bcd18409,https://jm.linkedin.com/jobs/view/it-risk-and-compliance-manager-at-kpmg-in-jamaica-4437429405,IT Risk and Compliance Manager,KPMG in Jamaica,posted,2026-07-07T02:23:27.302432,39
4a5ee07dce507aa0,https://jm.linkedin.com/jobs/view/pediatric-occupational-therapist-part-time-outpatient-rehab-wolfson-children-s-beaches-clinic-at-snyder-family-cleft-craniofacial-center-4436107115,"Pediatric Occupational Therapist, Part-Time, Outpatient Rehab, Wolfson Children's Beaches Clinic",,scraped,2026-07-07T02:23:29.915827,
76c2591894d6993a,https://jm.linkedin.com/jobs/view/software-engineer-at-gracekennedy-financial-group-4435846495,Software Engineer,,scraped,2026-07-07T02:23:42.223234,
0eaf486195b8e7df,https://jm.linkedin.com/jobs/view/dermal-skin-therapist-at-about-face-ma-4435770242,Dermal Skin Therapist,,scraped,2026-07-07T02:23:49.040982,
e8c99b8b6fca898b,https://jm.linkedin.com/jobs/view/hebrew-qa-lead-remote-at-yo-it-consulting-4437713533,Hebrew QA Lead - Remote,,scraped,2026-07-07T02:23:56.979285,
23a4f32178288c4c,https://jm.linkedin.com/jobs/view/speech-collection-for-jamaican-speakers-remote-position-at-datavio-ai-4437192859,Speech Collection for Jamaican Speakers - Remote Position,Datavio.ai,posted,2026-07-07T02:24:14.135796,41
bca4565b773fb509,https://jm.linkedin.com/jobs/view/consumer-channel-customer-marketing-director-1-at-campari-group-4389433079,"Consumer, Channel & Customer Marketing Director 1",,scraped,2026-07-07T02:24:16.977155,
c260c574351d4050,https://jm.linkedin.com/jobs/view/project-manager-b2b-at-c-w-business-4416740257,"Project Manager, B2B",,scraped,2026-07-07T02:24:23.596356,
4f811bd9730cd120,https://jm.linkedin.com/jobs/view/senior-systems-engineer-at-fujitsu-4435594890,Senior Systems Engineer,,scraped,2026-07-07T02:24:30.160465,
b595248311ae49fe,https://jm.linkedin.com/jobs/view/french-bilingual-gaming-support-agent-at-ibex-4398401640,French Bilingual Gaming Support Agent,,scraped,2026-07-07T02:24:39.841427,
eb7062bfabb6892b,https://jm.linkedin.com/jobs/view/route-parish-sales-lead-st-james-at-digicel-group-4433114613,Route Parish Sales Lead - St. James,,scraped,2026-07-07T02:25:03.246809,
38743c0305cbc49f,https://jm.linkedin.com/jobs/view/licensed-travel-advisor-serious-applicants-only-4437115414,Licensed Travel Advisor - Serious Applicants Only,McFarlane Signature Travel,posted,2026-07-07T02:25:15.993095,43
14879141fe81c5fa,https://jm.linkedin.com/jobs/view/accounting-services-associate-iv-at-conduent-4432338251,Accounting Services Associate IV,Conduent,posted,2026-07-07T02:26:01.979209,45
00141d95003a11ee,https://jm.linkedin.com/jobs/view/accounting-services-associate-iv-at-conduent-4432332379,Accounting Services Associate IV,,scraped,2026-07-07T02:26:04.858550,
888a4b02e701f017,https://jm.linkedin.com/jobs/view/consulting-%E2%80%93-actuarial-manager-life-jamaica-at-deloitte-4304260619,Consulting – Actuarial Manager (Life) - Jamaica,Deloitte,posted,2026-07-07T02:26:26.640642,47
c085ab4550041e15,https://jm.linkedin.com/jobs/view/accounting-services-associate-iv-at-conduent-4428342541,Accounting Services Associate IV,Conduent,scraped,2026-07-07T02:26:35.847666,
1ca4fc7f19f7df31,https://jm.linkedin.com/jobs/view/sous-chef-at-saga-plc-4436775057,Sous Chef,,scraped,2026-07-07T02:26:38.638757,
a04304ae163a0cef,https://jm.linkedin.com/jobs/view/pooja-vijay-at-womentech-network-pakistan-4432358931,Pooja  Vijay,WomenTech Network Pakistan,posted,2026-07-07T12:19:55.201089,49
7481c7d6f6598d1c,https://jm.linkedin.com/jobs/view/accounting-officer-real-estate-accounting-contract-at-sagicor-group-jamaica-limited-4436946434,Accounting Officer - Real Estate Accounting (Contract),,scraped,2026-07-07T12:19:57.826740,
1d867c51450187c6,https://jm.linkedin.com/jobs/view/part-time-%E2%80%93-the-sandbox-at-children-resource-ctr-4431986123,Part-time – The Sandbox,Children Resource Ctr,posted,2026-07-07T12:20:15.665700,51
fea9ed533fb0e48b,https://jm.linkedin.com/jobs/view/client-relationship-officer-retirement-scheme-at-sagicor-group-jamaica-limited-4436916020,Client Relationship Officer - Retirement Scheme,,scraped,2026-07-07T12:20:18.300510,
b6fb5fa377ca5aaf,https://jm.linkedin.com/jobs/view/relationship-manager-at-sagicor-group-jamaica-limited-4435350408,Relationship Manager,,scraped,2026-07-07T12:20:25.029372,
fe92a54bf8069361,https://jm.linkedin.com/jobs/view/heart-trainee-centralized-business-support-at-sagicor-group-jamaica-limited-4436133447,HEART Trainee - Centralized Business Support,,scraped,2026-07-07T12:20:31.824769,
8035cede341010ff,https://jm.linkedin.com/jobs/view/retirement-scheme-associate-at-sagicor-group-jamaica-limited-4436799852,Retirement Scheme Associate,,scraped,2026-07-07T12:20:38.843591,
b22812dd10c14f29,https://jm.linkedin.com/jobs/view/investment-associate-contract-at-sagicor-group-jamaica-limited-4436901786,Investment Associate (Contract),,scraped,2026-07-07T12:20:45.707983,
6ce97727d93a4e26,https://jm.linkedin.com/jobs/view/ishita-gupta-at-womentech-network-pakistan-4432379013,Ishita  Gupta,WomenTech Network Pakistan,posted,2026-07-07T12:21:01.017753,53
46d8fd3fcb1ee820,https://jm.linkedin.com/jobs/view/accountant-hotel-industry-at-howard-4435520719,Accountant (Hotel Industry),Howard,posted,2026-07-07T12:21:13.833546,55
41a79d17987f662c,https://jm.linkedin.com/jobs/view/freelance-grabaci%C3%B3n-de-tareas-cotidianas-para-proyecto-de-ia-at-toloka-annotators-4437753906,Freelance: grabación de tareas cotidianas para proyecto de IA,Toloka Annotators,posted,2026-07-07T12:21:31.741758,57
c9fe2bf65a2f044d,https://jm.linkedin.com/jobs/view/portfolio-manager-freelance-ai-trainer-at-mindrift-4432344840,Portfolio Manager - Freelance AI Trainer,Mindrift,posted,2026-07-07T12:21:46.534553,59
1f906db90e7c15f3,https://jm.linkedin.com/jobs/view/coordinator-organization-management-mbj-at-delta-air-lines-4436274371,"Coordinator, Organization Management (MBJ)",Delta Air Lines,posted,2026-07-07T12:21:58.089206,61
761a72b568c673b2,https://jm.linkedin.com/jobs/view/operations-coordinator-at-the-auctus-group-4437748413,Operations Coordinator,The Auctus Group,posted,2026-07-07T12:22:07.359089,63
0b9a8e06a3cd948b,https://jm.linkedin.com/jobs/view/business-development-manager-aws-b2b-sales-at-liberty-business-4386439205,"Business Development Manager - AWS, B2B Sales",Liberty Business,posted,2026-07-07T12:22:20.531085,65
7d9b665894082d55,https://jm.linkedin.com/jobs/view/preschool-teacher-at-legendary-chess-academy-limited-4437129532,Preschool Teacher,,scraped,2026-07-07T12:22:23.244506,
a16bc560adf6da7d,https://jm.linkedin.com/jobs/view/medical-representative-kingston-area-at-msn-laboratories-4435800814,Medical Representative(Kingston Area),,scraped,2026-07-07T12:22:29.604320,
781f93b86c2f357a,https://jm.linkedin.com/jobs/view/port-crane-technician-expat-opportunity-at-flagship-management-llc-4433159810,Port Crane Technician-EXPAT opportunity,Flagship Management LLC,posted,2026-07-07T12:22:44.932896,67
4f02b8bcaba0c68f,https://jm.linkedin.com/jobs/view/international-sales-consultant-at-hansgrohe-north-america-4434684110,International Sales Consultant,Hansgrohe North America,posted,2026-07-07T12:23:13.722808,69
cd098304c3d3b565,https://jm.linkedin.com/jobs/view/specialist-customer-care-6-months-contract-at-vistaprint-4218956573,"Specialist, Customer CARE (6-months contract)",VistaPrint,posted,2026-07-07T12:23:26.543420,71
cd6932a1b9813f88,https://jm.linkedin.com/jobs/view/vp-enterprise-development-and-performance-monitoring-at-pwc-jamaica-4437479266,"VP, Enterprise Development and Performance Monitoring",PwC Jamaica,posted,2026-07-07T12:23:36.921888,73
ebb69c61d226488c,https://jm.linkedin.com/jobs/view/sales-and-marketing-intern-at-g-sun-jamaica-4436542495,Sales And Marketing Intern,,scraped,2026-07-07T12:23:39.651494,
e741c75b29f67ddb,https://jm.linkedin.com/jobs/view/manager-payroll-mbj-at-delta-air-lines-4435401018,"Manager, Payroll (MBJ)",Delta Air Lines,posted,2026-07-07T12:24:03.067683,75
c0af1a2266cc57b3,https://jm.linkedin.com/jobs/view/facilities-and-maintenance-manager-at-pricesmart-4432785951,Facilities and Maintenance Manager,PriceSmart,posted,2026-07-07T12:24:17.610993,77
1440519411b28c54,https://jm.linkedin.com/jobs/view/senior-manager-payroll-mbj-at-delta-air-lines-4435282681,"Senior Manager, Payroll (MBJ)",Delta Air Lines,posted,2026-07-07T12:24:29.070592,79
9b0c5d29f9e018fb,https://jm.linkedin.com/jobs/view/senior-coordinator-international-payroll-and-hr-services-mbj-at-delta-air-lines-4436255988,"Senior Coordinator, International Payroll and HR Services (MBJ)",Delta Air Lines,posted,2026-07-07T12:24:38.260439,81
124a7ec0b8a39830,https://jm.linkedin.com/jobs/view/senior-manager-payroll-taxes-and-garnishments-mbj-at-delta-air-lines-4435278874,"Senior Manager, Payroll Taxes and Garnishments (MBJ)",Delta Air Lines,posted,2026-07-07T12:24:48.339370,83
9c785e2060469176,https://jm.linkedin.com/jobs/view/radio-frequency-engineer-at-acerh-caribe-4435497623,Radio Frequency Engineer,ACERH Caribe,posted,2026-07-07T12:25:01.896145,85
43fc7c89e7fdf1bd,https://jm.linkedin.com/jobs/view/senior-manager-operations-at-acerh-caribe-4435490831,"Senior Manager, Operations",ACERH Caribe,posted,2026-07-07T12:25:12.766585,87
4f3abd9f7c3fcbf4,https://jm.linkedin.com/jobs/view/core-network-engineer-at-acerh-caribe-4435496698,Core Network Engineer,ACERH Caribe,posted,2026-07-07T12:25:21.829259,89
258f81508c42e4ea,https://jm.linkedin.com/jobs/view/architectural-technologist-required-at-chartered-institute-of-architectural-technologists-ciat-4436770036,Architectural Technologist required,,scraped,2026-07-07T20:35:32.848801,
f36746264f96b40e,https://jm.linkedin.com/jobs/view/administrative-assistant-at-n-o-whyte-associates-ltd-4437805401,Administrative Assistant,N.O. Whyte & Associates Ltd.,posted,2026-07-07T20:35:55.950259,91
ef4cb963c2d69afa,https://jm.linkedin.com/jobs/view/claims-processing-agent-freelance-ai-trainer-at-mindrift-4432385494,Claims Processing Agent - Freelance AI Trainer,Mindrift,posted,2026-07-07T20:36:10.946325,93
e6630eb10274c83c,https://jm.linkedin.com/jobs/view/sr-controller-vacation-rental-industry-at-howard-4437855842,Sr. Controller (Vacation Rental Industry),Howard,posted,2026-07-07T20:36:19.671456,95
f3a0aa61c7f5aa25,https://jm.linkedin.com/jobs/view/creador-a-de-contenido-pov-para-ia-remoto-at-toloka-annotators-4437756866,Creador(a) de Contenido POV para IA - Remoto,Toloka Annotators,posted,2026-07-07T20:36:30.914153,97
03694b63c8236e88,https://jm.linkedin.com/jobs/view/credit-assessment-and-monitoring-officer-at-national-commercial-bank-jamaica-limited-ncb-4434006287,Credit Assessment and Monitoring Officer,,scraped,2026-07-07T20:36:33.633087,
9785b70ae259a175,https://jm.linkedin.com/jobs/view/business-development-manager-at-barita-investments-ltd-4434519114,Business Development Manager,,scraped,2026-07-07T20:36:42.048001,
ffac2c8987207be3,https://jm.linkedin.com/jobs/view/civil-engineer-at-brivox-rentals-contracting-ltd-4436465117,Civil Engineer,,scraped,2026-07-07T20:36:50.153091,
daeec2a18254add4,https://jm.linkedin.com/jobs/view/fraud-risk-specialist-at-barita-investments-ltd-4433721407,Fraud Risk Specialist,,scraped,2026-07-07T20:36:56.969329,
3735bb5ecc9a84ea,https://jm.linkedin.com/jobs/view/manager-legal-corporate-secretarial-services-at-the-jamaica-national-group-4437777757,"Manager, Legal & Corporate Secretarial Services",The Jamaica National Group,posted,2026-07-07T20:37:24.946740,99
794eb0ca86c0bba1,https://jm.linkedin.com/jobs/view/kitchen-staff-substitute-at-opaa%21-food-management-4436042771,Kitchen Staff Substitute,Opaa! Food Management,posted,2026-07-07T20:37:49.179026,101
56a853fcde549b03,https://jm.linkedin.com/jobs/view/anlagenmechaniker-monteur-m-w-d-at-s%C3%BClzle-kopf-gmbh-4436030428,Anlagenmechaniker / Monteur  (m/w/d),,scraped,2026-07-07T20:37:51.857351,
f73672cbc2f10812,https://jm.linkedin.com/jobs/view/specialist-physiotherapist-brain-injury-rehabilitation-at-nhs-ayrshire-arran-4433197979,Specialist Physiotherapist - Brain Injury Rehabilitation,,scraped,2026-07-07T20:38:02.208797,
f374e7a8a4af6c0c,https://jm.linkedin.com/jobs/view/api-strategy-partnerships-lead-at-foreign-venture-group-the-fvg-4436259585,API Strategy & Partnerships Lead,,scraped,2026-07-07T20:38:16.419327,
ebdf4e09b52dc0f9,https://jm.linkedin.com/jobs/view/senior-manager-%E2%80%93-devices-commercial-performance-insights-at-confidential-careers-4437833089,Senior Manager – Devices Commercial Performance & Insights,,scraped,2026-07-07T20:38:26.218494,
cc60809cc96e19b7,https://jm.linkedin.com/jobs/view/payroll-administrator-at-senior-accounting-services-limited-4437809938,Payroll Administrator,,scraped,2026-07-07T20:38:35.433432,
08fb54a26f91179b,https://jm.linkedin.com/jobs/view/digital-experience-av-systems-engineer-at-vantageone-marketing-group-4435835471,Digital Experience & AV Systems Engineer,,scraped,2026-07-07T20:38:49.711179,
d61793349f8251b3,https://jm.linkedin.com/jobs/view/design-consultant-field-sales-at-somers-furnishing-4436484121,Design Consultant (Field Sales),,scraped,2026-07-07T20:38:58.048484,
98b33b946fab5275,https://jm.linkedin.com/jobs/view/business-development-representative-at-simera-4434510034,Business Development Representative,Simera,posted,2026-07-07T20:39:13.644915,103
f3e307ab3e7fb1c8,https://jm.linkedin.com/jobs/view/custody-operations-specialist-freelance-project-at-meridial-marketplace-by-invisible-4318528628,Custody Operations Specialist - Freelance Project,"Meridial Marketplace, by Invisible",posted,2026-07-07T20:39:26.606207,105
9b4a889f3f41825e,https://jm.linkedin.com/jobs/view/logistics-customer-service-agent-at-ibex-4405173351,Logistics Customer Service Agent,ibex,posted,2026-07-07T20:39:47.299798,107
ae8bba3eea75a2f0,https://jm.linkedin.com/jobs/view/operations-lead-agent-mbj-at-dhl-express-4436279616,Operations Lead Agent-MBJ,DHL Express,posted,2026-07-07T20:39:58.862208,109
c7ad470986081434,https://jm.linkedin.com/jobs/view/customer-care-associates-at-flexcar-4435506105,Customer Care Associates,Flexcar,posted,2026-07-07T20:40:09.127420,111
ce9c664786366185,https://jm.linkedin.com/jobs/view/specialist-customer-care-full-time-at-vistaprint-4233681353,"Specialist, Customer CARE (Full-time)",VistaPrint,posted,2026-07-07T20:40:22.542402,113
738361ffa50746c5,https://jm.linkedin.com/jobs/view/carrier-account-manager-at-digicel-group-4429192845,Carrier Account Manager,,scraped,2026-07-07T20:40:25.204251,
bf5acb4dae6db657,https://jm.linkedin.com/jobs/view/event-rental-sales-specialist-inbound-sales-customer-service-at-sagan-recruitment-4434664395,Event Rental Sales Specialist (Inbound Sales & Customer Service),Sagan Recruitment,posted,2026-07-07T20:40:41.480413,115
ada12a29e53759e3,https://jm.linkedin.com/jobs/view/digital-account-manager-at-digicel-group-4429183955,Digital Account Manager,,scraped,2026-07-07T20:40:44.187279,
ea6affd18028e0a7,https://jm.linkedin.com/jobs/view/market-clerk-at-brookshire-grocery-company-4436141536,Market Clerk,Brookshire Grocery Company,posted,2026-07-07T20:41:02.973860,117
88b85833c5872580,https://jm.linkedin.com/jobs/view/schwei%C3%9Fer-f%C3%BCr-wig-m-w-d-nl-crailsheim-at-s%C3%BClzle-kopf-gmbh-4436829996,Schweißer für WIG (m/w/d) NL Crailsheim,,scraped,2026-07-07T20:41:05.685341,
bf94fe75e44cc1b5,https://jm.linkedin.com/jobs/view/project-coordinator-b2b-at-liberty-business-4416721404,"Project Coordinator, B2B",Liberty Business,posted,2026-07-07T20:41:28.928492,119
15edf126a95fd07d,https://jm.linkedin.com/jobs/view/customer-care-quality-team-leader-at-clarion-housing-group-4436200988,Customer Care & Quality Team Leader,,scraped,2026-07-07T20:41:31.613665,
2ed60bae71d5649a,https://jm.linkedin.com/jobs/view/collision-refinish-technician-at-gerber-collision-glass-4435402309,Collision Refinish Technician,Gerber Collision &amp; Glass,posted,2026-07-07T20:41:48.852905,121
e98cfeb41f36aa72,https://jm.linkedin.com/jobs/view/senior-systems-engineer-at-fujitsu-4437773623,Senior Systems Engineer,,scraped,2026-07-07T20:41:53.667987,
800b96260a596aae,https://jm.linkedin.com/jobs/view/customer-support-agent-freelance-project-at-meridial-marketplace-by-invisible-4318580947,Customer Support Agent - Freelance Project,"Meridial Marketplace, by Invisible",posted,2026-07-08T07:22:40.235533,133
22e615d6627dc960,https://jm.linkedin.com/jobs/view/assistant-store-manager-fresh-at-brookshire-grocery-company-4437430924,Assistant Store Manager - Fresh,Brookshire Grocery Company,posted,2026-07-08T07:23:17.780336,135
e5c5a06fed201f6d,https://jm.linkedin.com/jobs/view/business-development-officer-at-british-caribbean-insurance-company-ltd-bcic-4438106548,Business Development Officer,British Caribbean Insurance Company Ltd. (BCIC),posted,2026-07-08T07:23:55.670230,137
9eb7ce3a0fa3604b,https://jm.linkedin.com/jobs/view/hospitality-host-at-starlight-chalet-health-spa-4436894223,Hospitality Host,,scraped,2026-07-08T07:23:58.287505,
d1cb3957e85ff68f,https://jm.linkedin.com/jobs/view/procurement-operations-assistant-officer-at-kpmg-in-jamaica-4437429981,Procurement Operations Assistant Officer,KPMG in Jamaica,posted,2026-07-08T07:24:20.500318,139
758cb1f7269243ff,https://jm.linkedin.com/jobs/view/account-manager-at-inova-solutions-n-v-4437825586,Account Manager,,scraped,2026-07-08T07:24:26.594693,
121c37945c95d435,https://jm.linkedin.com/jobs/view/project-manager-telecom-delivery-at-acerh-caribe-4435703403,"Project Manager, Telecom Delivery",ACERH Caribe,posted,2026-07-08T07:24:49.578330,141
7fab97ca4c32263a,https://jm.linkedin.com/jobs/view/resident-engineer-at-gdm-associates-limited-4435839030,Resident Engineer,,scraped,2026-07-08T07:24:54.268647,
0c49f70cdc377129,https://jm.linkedin.com/jobs/view/l1-it-support-technician-break-fix-and-senior-support-engineer-at-resolveit-limited-4437831913,L1 IT Support Technician (Break/Fix) and Senior Support Engineer,,scraped,2026-07-08T07:25:02.312500,
54fb1ecee653e5b2,https://jm.linkedin.com/jobs/view/automotive-technician-at-acerh-caribe-4435485955,Automotive Technician,ACERH Caribe,posted,2026-07-08T07:25:31.629420,143
911348174d3e60df,https://jm.linkedin.com/jobs/view/human-resources-generalist-at-digicel-group-4434579388,Human Resources Generalist,,scraped,2026-07-08T07:25:38.271852,
1d980f6c57a5fc83,https://jm.linkedin.com/jobs/view/sales-development-representative-at-scale-army-careers-4432109721,Sales Development Representative,Scale Army Careers,posted,2026-07-08T07:25:55.565991,145
36078a15ac3c038a,https://jm.linkedin.com/jobs/view/operations-associate-specialist-freelance-project-at-meridial-marketplace-by-invisible-4336043096,Operations Associate Specialist - Freelance Project,"Meridial Marketplace, by Invisible",posted,2026-07-08T07:26:15.726927,147
c3ff941f20647817,https://jm.linkedin.com/jobs/view/marketing-stagiair-e-at-apprendo-horeca-4434816589,Marketing stagiair(e),,scraped,2026-07-08T07:26:40.400212,
7db7b8091779bfbd,https://jm.linkedin.com/jobs/view/senior-lawyer-inquest-team-at-nwssp-legal-risk-services-4436810447,Senior Lawyer - Inquest Team,,scraped,2026-07-08T07:26:49.171009,
a16cc1c6e646d47e,https://jm.linkedin.com/jobs/view/consulting-%E2%80%93-senior-manager-strategic-transformation-%E2%80%93-jamaica-at-deloitte-4352596294,Consulting – Senior Manager (Strategic Transformation) – Jamaica,Deloitte,posted,2026-07-08T07:27:19.919190,149
aa43afd71be8fba1,https://jm.linkedin.com/jobs/view/consulting-%E2%80%93-senior-consultant-assistant-manager-technology-transformation-jamaica-at-deloitte-4352535039,Consulting – Senior Consultant/Assistant Manager (Technology & Transformation) - Jamaica,Deloitte,posted,2026-07-08T07:27:33.170258,151
15e9ad97169e776c,https://jm.linkedin.com/jobs/view/accounting-services-associate-iii-at-conduent-4436339152,Accounting Services Associate III,Conduent,posted,2026-07-08T07:27:42.093010,153
bd9af287b99090bf,https://jm.linkedin.com/jobs/view/utility-clerk-at-brookshire-grocery-company-4436141543,Utility Clerk,Brookshire Grocery Company,posted,2026-07-08T07:27:57.171741,155
a8cacf007c2922c2,https://jm.linkedin.com/jobs/view/wfm-administrator-at-centerfield-4416839942,WFM Administrator,Centerfield,posted,2026-07-08T15:56:10.745906,157
25fdd0b8b39f947b,https://jm.linkedin.com/jobs/view/hr-compensation-benefits-officer-at-centerfield-4406778240,HR Compensation & Benefits Officer,Centerfield,posted,2026-07-08T15:56:24.495554,159
748672af7947e974,https://jm.linkedin.com/jobs/view/retail-merchandiser-and-sales-associate-at-oca-island-vending-and-supplies-ltd-4438198514,Retail Merchandiser and sales associate,,scraped,2026-07-08T15:57:05.221508,
7ac7fd3b15a52f45,https://jm.linkedin.com/jobs/view/subgerente-de-mantenimiento-at-the-excellence-collection-4438233690,Subgerente de Mantenimiento,The Excellence Collection,posted,2026-07-08T15:57:22.497649,161
11b7092e4e11c14a,https://jm.linkedin.com/jobs/view/social-media-content-creator-at-gigi-s-playhouse-syracuse-4433792379,Social Media Content Creator,GiGi's Playhouse Syracuse,posted,2026-07-08T15:57:46.384710,163
d05faccfcee5f2a5,https://jm.linkedin.com/jobs/view/wynik-naboru-na-stanowisko-specjalisty-ds-edukacji-ekologicznej-at-wielkopolski-park-narodowy-4438189808,Wynik naboru na stanowisko specjalisty ds. edukacji ekologicznej,Wielkopolski Park Narodowy,posted,2026-07-08T15:58:07.108149,165
6c48cd2ac1c2c4b5,https://jm.linkedin.com/jobs/view/mission-control-specialist-at-centerfield-4351066723,Mission Control Specialist,Centerfield,posted,2026-07-08T15:58:31.065422,167
2da6796ec087e4fa,https://jm.linkedin.com/jobs/view/senior-coordinator-payroll-mbj-at-delta-air-lines-4435293259,"Senior Coordinator, Payroll (MBJ)",Delta Air Lines,posted,2026-07-08T15:58:42.474426,169
0eb884413df02aa7,https://jm.linkedin.com/jobs/view/consulting-%E2%80%93-manager-senior-manager-%E2%80%93-actuarial-insurance-solutions-p-c-non-life-%E2%80%93-jamaica-at-deloitte-4353682911,Consulting – Manager/Senior Manager – Actuarial & Insurance Solutions (P&C_Non-Life) – Jamaica,Deloitte,posted,2026-07-08T15:58:56.264945,171
a4cc1d5895a41882,https://jm.linkedin.com/jobs/view/bilingual-quality-assurance-analyst-english-spanish-at-centerfield-4356870723,Bilingual Quality Assurance Analyst (English & Spanish),Centerfield,posted,2026-07-08T15:59:13.514772,173
2609e0ec1c889565,https://jm.linkedin.com/jobs/view/bim-coordinator-at-loring-consulting-engineers-inc-4433124378,BIM Coordinator,"Loring Consulting Engineers, Inc.",posted,2026-07-08T15:59:24.839398,175
be77ab450c724adb,https://jm.linkedin.com/jobs/view/inspector-of-ancient-monuments-nsip-historic-england-at-guardian-jobs-4436513333,"Inspector of Ancient Monuments (NSIP), HISTORIC ENGLAND",,scraped,2026-07-08T15:59:27.549969,
8171dbd558c0a74d,https://jm.linkedin.com/jobs/view/consulting-%E2%80%93-consultant-%E2%80%93-actuarial-insurance-solutions-p-c-non-life-%E2%80%93-jamaica-at-deloitte-4353455579,Consulting – Consultant – Actuarial & Insurance Solutions (P&C_Non-Life) – Jamaica,Deloitte,posted,2026-07-08T15:59:40.263416,177
bf9e8a6a47e78836,https://jm.linkedin.com/jobs/view/part-time-singing-instructor-at-oneschool-global-4354280012,Part-Time Singing Instructor,OneSchool Global,posted,2026-07-08T15:59:54.924614,179
8c1d6e326cf2b8e1,https://jm.linkedin.com/jobs/view/customer-support-specialist-freelance-ai-trainer-at-mindrift-4436303256,Customer Support Specialist - Freelance AI Trainer,Mindrift,posted,2026-07-08T20:43:59.664879,181
898f4ae515e80bae,https://jm.linkedin.com/jobs/view/record-your-daily-routine-get-paid-ai-training-remote-at-toloka-annotators-4437736838,Record Your Daily Routine & Get Paid - AI Training (Remote),Toloka Annotators,posted,2026-07-08T20:44:08.885474,183
1bcf6c2044d22b20,https://jm.linkedin.com/jobs/view/kitchen-staff-at-opaa%21-food-management-4437021335,Kitchen Staff,Opaa! Food Management,posted,2026-07-08T20:44:39.933747,185
2638936e5a1264b2,https://jm.linkedin.com/jobs/view/data-entry-reporting-associate-at-talentpop-app-4434871613,Data Entry & Reporting Associate,TalentPop App,posted,2026-07-08T20:44:48.641867,187
e18e0ff98c5ba262,https://jm.linkedin.com/jobs/view/property-maintenance-supervisor-%E2%80%93-portland-at-jace-management-consultants-limited-4438252778,Property Maintenance Supervisor – Portland,JACE Management Consultants Limited,posted,2026-07-08T20:45:02.204105,189
c9713acf05a71bdc,https://jm.linkedin.com/jobs/view/video-editor-at-talentpop-app-4434876616,Video Editor,TalentPop App,posted,2026-07-08T20:45:10.781176,191
cad5be7028cf5bbe,https://jm.linkedin.com/jobs/view/video-editor-at-talentpop-app-4434888413,Video Editor,TalentPop App,posted,2026-07-08T20:45:15.922101,191
7e138ad41d5abd50,https://jm.linkedin.com/jobs/view/video-editor-at-talentpop-app-4434881411,Video Editor,TalentPop App,scraped,2026-07-08T20:45:20.027140,
3220596812d758f3,https://jm.linkedin.com/jobs/view/tiktok-influencer-marketing-assistant-at-talentpop-app-4434885354,TikTok Influencer Marketing Assistant,TalentPop App,posted,2026-07-08T20:45:28.299825,193
4f5fc75d49b27d9d,https://jm.linkedin.com/jobs/view/f-b-manager-at-bahia-principe-hotels-resorts-4434548101,F&B Manager,,scraped,2026-07-08T20:45:31.114330,
de9254679e6c73bf,https://jm.linkedin.com/jobs/view/customer-support-agent-at-talentpop-app-4434875652,Customer Support Agent,TalentPop App,posted,2026-07-08T20:45:46.579549,195
8aabb1935e2ea6b8,https://jm.linkedin.com/jobs/view/graphic-designer-at-talentpop-app-4434889288,Graphic Designer,TalentPop App,posted,2026-07-08T20:45:55.206419,197
525a463eb79cf546,https://jm.linkedin.com/jobs/view/tiktok-influencer-marketing-assistant-at-talentpop-app-4434891238,TikTok Influencer Marketing Assistant,TalentPop App,posted,2026-07-08T20:46:00.076744,193
1401969e5353743a,https://jm.linkedin.com/jobs/view/quality-assurance-analyst-at-centerfield-4398832647,Quality Assurance Analyst,Centerfield,posted,2026-07-08T20:46:20.561713,199
92a9ffe2f6bb888b,https://jm.linkedin.com/jobs/view/facilities-and-maintenance-manager-at-pricesmart-4432734189,Facilities and Maintenance Manager,PriceSmart,posted,2026-07-08T20:46:25.612605,77
5ec088948fc26c7a,https://jm.linkedin.com/jobs/view/quality-assurance-analyst-at-centerfield-4398833667,Quality Assurance Analyst,Centerfield,posted,2026-07-08T20:46:30.705688,199
f92d1b0b42f12c94,https://jm.linkedin.com/jobs/view/contract-talent-acquisition-specialist-at-centerfield-4410319499,Contract Talent Acquisition Specialist,Centerfield,posted,2026-07-08T20:46:41.023929,201
efb796484fda9dc9,https://jm.linkedin.com/jobs/view/influencer-outreach-specialist-remote-full-time-at-talentpop-app-4434890353,Influencer Outreach Specialist (Remote | Full-Time),TalentPop App,posted,2026-07-08T20:46:49.696452,203
bd88f804ec4bd221,https://jm.linkedin.com/jobs/view/influencer-outreach-specialist-remote-full-time-at-talentpop-app-4434885512,Influencer Outreach Specialist (Remote | Full-Time),TalentPop App,posted,2026-07-08T20:46:56.507160,203
096bbc9aa75c15df,https://jm.linkedin.com/jobs/view/influencer-outreach-specialist-remote-full-time-at-talentpop-app-4434876718,Influencer Outreach Specialist (Remote | Full-Time),TalentPop App,posted,2026-07-08T20:47:01.485087,203
73965c44bb657e79,https://jm.linkedin.com/jobs/view/influencer-outreach-specialist-remote-full-time-at-talentpop-app-4434871831,Influencer Outreach Specialist (Remote | Full-Time),TalentPop App,posted,2026-07-08T20:47:06.521537,203
b5427af9831206f8,https://jm.linkedin.com/jobs/view/virtual-revenue-closing-expert-at-talentpop-app-4434879556,Virtual Revenue Closing Expert,TalentPop App,posted,2026-07-08T20:47:15.009999,205
e15e121878f78e26,https://jm.linkedin.com/jobs/view/influencer-outreach-specialist-remote-full-time-at-talentpop-app-4434883374,Influencer Outreach Specialist (Remote | Full-Time),TalentPop App,posted,2026-07-08T20:47:20.015667,203
125269cd200d1edf,https://jm.linkedin.com/jobs/view/seo-growth-assistant-remote-at-talentpop-app-4434878639,SEO & Growth Assistant (Remote),TalentPop App,posted,2026-07-08T20:47:30.387464,207
dbb61c995b3152c0,https://jm.linkedin.com/jobs/view/seo-assistant-at-talentpop-app-4434889393,SEO Assistant,TalentPop App,posted,2026-07-08T20:47:41.768908,209
02c115c130bd7a25,https://jm.linkedin.com/jobs/view/seo-assistant-at-talentpop-app-4434885439,SEO Assistant,TalentPop App,posted,2026-07-08T20:47:46.582976,209
3ced1299d895a266,https://jm.linkedin.com/jobs/view/data-entry-reporting-associate-at-talentpop-app-4434878465,Data Entry & Reporting Associate,TalentPop App,posted,2026-07-08T20:47:51.326299,187
5fb3c298b2f949f0,https://jm.linkedin.com/jobs/view/data-entry-reporting-associate-at-talentpop-app-4434870722,Data Entry & Reporting Associate,TalentPop App,scraped,2026-07-08T20:47:55.554995,
cb9be38af068dfac,https://jm.linkedin.com/jobs/view/seo-assistant-at-talentpop-app-4434879566,SEO Assistant,TalentPop App,posted,2026-07-08T20:48:00.502918,209
dd99a66be6337794,https://jm.linkedin.com/jobs/view/amazon-va-at-talentpop-app-4434876481,Amazon VA,TalentPop App,posted,2026-07-08T20:48:09.909183,211
d6756652c015838a,https://jm.linkedin.com/jobs/view/amazon-va-at-talentpop-app-4434873620,Amazon VA,TalentPop App,posted,2026-07-08T20:48:16.868110,211
58bbedf4b05cde06,https://jm.linkedin.com/jobs/view/seo-growth-assistant-remote-at-talentpop-app-4434884390,SEO & Growth Assistant (Remote),TalentPop App,posted,2026-07-08T20:48:21.689183,207
84e01557d2dfe1a4,https://jm.linkedin.com/jobs/view/seo-growth-assistant-remote-at-talentpop-app-4434893056,SEO & Growth Assistant (Remote),TalentPop App,posted,2026-07-08T20:48:26.765992,207
0111910cae7c4af1,https://jm.linkedin.com/jobs/view/social-media-marketing-specialist-at-talentpop-app-4434892234,Social Media Marketing Specialist,TalentPop App,posted,2026-07-08T20:48:35.680181,213
a345792c8a640219,https://jm.linkedin.com/jobs/view/seo-growth-assistant-remote-at-talentpop-app-4434872789,SEO & Growth Assistant (Remote),TalentPop App,posted,2026-07-08T20:48:40.926432,207
69ba7568f4d9250b,https://jm.linkedin.com/jobs/view/influencer-partnerships-specialist-remote-at-talentpop-app-4434876583,Influencer Partnerships Specialist (Remote),TalentPop App,posted,2026-07-08T20:48:52.198330,215
e32a7cef9bd0d699,https://jm.linkedin.com/jobs/view/amazon-va-at-talentpop-app-4434881378,Amazon VA,TalentPop App,posted,2026-07-08T20:48:57.197456,211
32d801bf706a1e14,https://jm.linkedin.com/jobs/view/virtual-revenue-closing-expert-at-talentpop-app-4434886435,Virtual Revenue Closing Expert,TalentPop App,posted,2026-07-08T20:49:02.060580,205
27308f989938d2eb,https://jm.linkedin.com/jobs/view/virtual-revenue-closing-expert-at-talentpop-app-4434875661,Virtual Revenue Closing Expert,TalentPop App,posted,2026-07-08T20:49:07.476189,205
9cf43584b89e39ac,https://jm.linkedin.com/jobs/view/tiktok-influencer-marketing-assistant-at-talentpop-app-4434871618,TikTok Influencer Marketing Assistant,TalentPop App,posted,2026-07-08T20:49:12.134449,193
11071939e63dd26f,https://jm.linkedin.com/jobs/view/affiliate-marketing-coordinator-at-talentpop-app-4434887499,Affiliate Marketing Coordinator,TalentPop App,posted,2026-07-08T20:49:20.943036,217
5cabd6ce97ec6947,https://jm.linkedin.com/jobs/view/video-editor-at-talentpop-app-4434878477,Video Editor,TalentPop App,posted,2026-07-08T20:49:25.764868,191
67d8fcbd0bd9bc06,https://jm.linkedin.com/jobs/view/customer-service-representative-at-talentpop-app-4434875577,Customer Service Representative,TalentPop App,posted,2026-07-08T20:49:34.769936,219
40e1ec85c085d779,https://jm.linkedin.com/jobs/view/customer-service-representative-at-talentpop-app-4434877510,Customer Service Representative,TalentPop App,scraped,2026-07-08T20:49:39.081511,
580d65418f545069,https://jm.linkedin.com/jobs/view/digital-sales-support-representative-at-talentpop-app-4434878482,Digital Sales & Support Representative,TalentPop App,posted,2026-07-08T20:49:47.711042,221
921be8dd1d4f0b33,https://jm.linkedin.com/jobs/view/email-marketing-assistant-at-talentpop-app-4434882399,Email Marketing Assistant,TalentPop App,posted,2026-07-08T20:49:56.951339,223
5fa26dd0768a82d4,https://jm.linkedin.com/jobs/view/seo-growth-assistant-remote-at-talentpop-app-4434886471,SEO & Growth Assistant (Remote),TalentPop App,posted,2026-07-08T20:50:01.924474,207
3daf9aef979f4dcc,https://jm.linkedin.com/jobs/view/%F0%9F%9A%80-remote-sales-representative-at-credit-clerk-4438277356,🚀 Remote Sales Representative,Credit Clerk,posted,2026-07-08T20:50:11.523179,225
b5b96cb325237469,https://jm.linkedin.com/jobs/view/online-order-support-va-at-talentpop-app-4434873750,Online Order Support VA,TalentPop App,posted,2026-07-08T20:50:21.116604,227
c8141e0ab3e97b4a,https://jm.linkedin.com/jobs/view/tiktok-influencer-marketing-assistant-at-talentpop-app-4434882337,TikTok Influencer Marketing Assistant,TalentPop App,posted,2026-07-08T20:50:28.083162,193
c48898ae71500889,https://jm.linkedin.com/jobs/view/influencer-partnerships-specialist-remote-at-talentpop-app-4434869837,Influencer Partnerships Specialist (Remote),TalentPop App,posted,2026-07-08T20:50:33.362940,215
42109b84e3933804,https://jm.linkedin.com/jobs/view/ict-sales-account-manager-at-avcom-jamaica-limited-4438293835,ICT Sales Account Manager,,scraped,2026-07-08T20:50:36.028332,
4a370fb16a8e0dda,https://jm.linkedin.com/jobs/view/digital-marketing-assistant-at-talentpop-app-4434872808,Digital Marketing Assistant,TalentPop App,posted,2026-07-08T20:50:50.749493,229
37abdb5d45c171b6,https://jm.linkedin.com/jobs/view/amazon-va-at-talentpop-app-4434871644,Amazon VA,TalentPop App,posted,2026-07-08T20:50:55.543108,211
74c6ceff3c821427,https://jm.linkedin.com/jobs/view/social-media-marketing-specialist-at-talentpop-app-4434880488,Social Media Marketing Specialist,TalentPop App,posted,2026-07-08T20:51:00.454995,213
fcf4eb05fd2c8a14,https://jm.linkedin.com/jobs/view/social-media-marketing-specialist-at-talentpop-app-4434869919,Social Media Marketing Specialist,TalentPop App,posted,2026-07-08T20:51:05.675918,213
a779bcd6ac70949b,https://jm.linkedin.com/jobs/view/graphic-designer-at-talentpop-app-4434876584,Graphic Designer,TalentPop App,posted,2026-07-08T20:51:10.630200,197
8fcc52faa1838366,https://jm.linkedin.com/jobs/view/digital-marketing-assistant-at-talentpop-app-4434881509,Digital Marketing Assistant,TalentPop App,posted,2026-07-08T20:51:15.867432,229
f8ff0a34dd1439ac,https://jm.linkedin.com/jobs/view/data-entry-reporting-associate-at-talentpop-app-4434872674,Data Entry & Reporting Associate,TalentPop App,posted,2026-07-08T20:51:22.895097,187
ca07f98ea9924c11,https://jm.linkedin.com/jobs/view/data-entry-reporting-associate-at-talentpop-app-4434878467,Data Entry & Reporting Associate,TalentPop App,scraped,2026-07-08T20:51:26.954778,
74c8bd2b00f25fa6,https://jm.linkedin.com/jobs/view/seo-growth-assistant-remote-at-talentpop-app-4434870711,SEO & Growth Assistant (Remote),TalentPop App,posted,2026-07-08T20:51:34.068492,207
6f42eb9de7452a70,https://jm.linkedin.com/jobs/view/amazon-va-at-talentpop-app-4434878491,Amazon VA,TalentPop App,posted,2026-07-08T20:51:38.826048,211
b0f294e1278bd1cf,https://jm.linkedin.com/jobs/view/customer-support-agent-at-talentpop-app-4434877556,Customer Support Agent,TalentPop App,posted,2026-07-08T20:51:44.069718,195
8d641195ef591b05,https://jm.linkedin.com/jobs/view/digital-sales-va-at-talentpop-app-4434878426,Digital Sales VA,TalentPop App,posted,2026-07-08T20:51:53.031968,231
bcc0a1509571bd83,https://jm.linkedin.com/jobs/view/senior-sales-leader-at-centerfield-4399573380,Senior Sales Leader,Centerfield,posted,2026-07-08T20:52:03.421839,233
c376d312f961f26c,https://jm.linkedin.com/jobs/view/multimedia-designer-at-digital-danes%E2%84%A2-4438513078,Multimedia Designer,Digital Danes™,posted,2026-07-08T20:52:18.422254,235
6d70118067e8d2b1,https://jm.linkedin.com/jobs/view/sales-support-va-at-talentpop-app-4434884319,Sales & Support VA,TalentPop App,posted,2026-07-08T20:52:37.388119,237
de5e8d32f4bfd26d,https://jm.linkedin.com/jobs/view/customer-support-agent-at-talentpop-app-4434892331,Customer Support Agent,TalentPop App,posted,2026-07-08T20:52:42.363109,195
655194049a64cbc4,https://jm.linkedin.com/jobs/view/digital-sales-va-at-talentpop-app-4434877473,Digital Sales VA,TalentPop App,posted,2026-07-08T20:52:47.245649,231
f4b13151d49e341c,https://jm.linkedin.com/jobs/view/digital-sales-va-at-talentpop-app-4434878415,Digital Sales VA,TalentPop App,posted,2026-07-08T20:52:52.071777,231
cf343f1b6b198476,https://jm.linkedin.com/jobs/view/digital-marketing-assistant-at-talentpop-app-4434879461,Digital Marketing Assistant,TalentPop App,posted,2026-07-08T20:52:57.061468,229
6a353c87c60dd34a,https://jm.linkedin.com/jobs/view/tiktok-influencer-marketing-assistant-at-talentpop-app-4434876517,TikTok Influencer Marketing Assistant,TalentPop App,posted,2026-07-08T20:53:02.166948,193
2c5ec1687ee34498,https://jm.linkedin.com/jobs/view/e-commerce-sales-outreach-specialist-at-talentpop-app-4434891268,E-Commerce Sales Outreach Specialist,TalentPop App,posted,2026-07-08T20:53:11.055643,239
9ed1f15500cdaef8,https://jm.linkedin.com/jobs/view/digital-sales-va-at-talentpop-app-4434871620,Digital Sales VA,TalentPop App,posted,2026-07-08T20:53:16.201964,231
4486534ed0e51e97,https://jm.linkedin.com/jobs/view/digital-sales-support-representative-at-talentpop-app-4434886331,Digital Sales & Support Representative,TalentPop App,posted,2026-07-08T20:53:21.101359,221
955feab08612f4f8,https://jm.linkedin.com/jobs/view/digital-sales-support-representative-at-talentpop-app-4434877607,Digital Sales & Support Representative,TalentPop App,scraped,2026-07-08T20:53:25.509777,
b939db9a4777f39a,https://jm.linkedin.com/jobs/view/customer-and-sales-engagement-specialist-at-talentpop-app-4434878486,Customer and Sales Engagement Specialist,TalentPop App,posted,2026-07-08T20:53:33.944046,241
f2183e88ce6adda7,https://jm.linkedin.com/jobs/view/customer-and-sales-engagement-specialist-at-talentpop-app-4434881478,Customer and Sales Engagement Specialist,TalentPop App,scraped,2026-07-08T20:53:38.055893,
1bffdfa98454acce,https://jm.linkedin.com/jobs/view/customer-and-sales-engagement-specialist-at-talentpop-app-4434888297,Customer and Sales Engagement Specialist,TalentPop App,posted,2026-07-08T20:53:43.265865,241
42d97a7625f57708,https://jm.linkedin.com/jobs/view/customer-and-sales-engagement-specialist-at-talentpop-app-4434869821,Customer and Sales Engagement Specialist,TalentPop App,scraped,2026-07-08T20:53:47.367019,
58fca9f62d054085,https://jm.linkedin.com/jobs/view/data-entry-reporting-associate-at-talentpop-app-4434878463,Data Entry & Reporting Associate,TalentPop App,posted,2026-07-08T20:53:52.652319,187
7d76db5e933fe372,https://jm.linkedin.com/jobs/view/data-entry-reporting-associate-at-talentpop-app-4434889347,Data Entry & Reporting Associate,TalentPop App,scraped,2026-07-08T20:53:56.694224,
b4bf0eb6c9791ef0,https://jm.linkedin.com/jobs/view/tiktok-influencer-marketing-assistant-at-talentpop-app-4434873638,TikTok Influencer Marketing Assistant,TalentPop App,scraped,2026-07-08T20:54:00.919530,
e0f4ae253befb30d,https://jm.linkedin.com/jobs/view/digital-sales-va-at-talentpop-app-4434880354,Digital Sales VA,TalentPop App,posted,2026-07-08T20:54:05.970876,231
dfcd899a6e3b2c8c,https://jm.linkedin.com/jobs/view/e-commerce-listings-and-digital-marketing-specialist-at-talentpop-app-4434891371,E-Commerce Listings and Digital Marketing Specialist,TalentPop App,posted,2026-07-08T20:54:14.837595,243
a454793ac96bbd63,https://jm.linkedin.com/jobs/view/e-commerce-listings-and-digital-marketing-specialist-at-talentpop-app-4434882387,E-Commerce Listings and Digital Marketing Specialist,TalentPop App,posted,2026-07-08T20:54:19.789696,243
7293a5c96af9ebee,https://jm.linkedin.com/jobs/view/e-commerce-listings-and-digital-marketing-specialist-at-talentpop-app-4434889308,E-Commerce Listings and Digital Marketing Specialist,TalentPop App,posted,2026-07-08T20:54:24.966847,243
40cd8e0acdc6d42b,https://jm.linkedin.com/jobs/view/digital-marketing-assistant-at-talentpop-app-4434885514,Digital Marketing Assistant,TalentPop App,posted,2026-07-08T20:54:33.792905,229
70c9afadf3ded8eb,https://jm.linkedin.com/jobs/view/online-order-support-va-at-talentpop-app-4434887443,Online Order Support VA,TalentPop App,posted,2026-07-08T20:54:42.723647,227
8d8c6af79a0d28ed,https://jm.linkedin.com/jobs/view/customer-and-sales-engagement-specialist-at-talentpop-app-4434883367,Customer and Sales Engagement Specialist,TalentPop App,posted,2026-07-08T20:54:47.617921,241
a9061f29d30d6ea7,https://jm.linkedin.com/jobs/view/customer-and-sales-engagement-specialist-at-talentpop-app-4434882321,Customer and Sales Engagement Specialist,TalentPop App,scraped,2026-07-08T20:54:51.758386,
db88cef3d094314c,https://jm.linkedin.com/jobs/view/ai-governance-inventory-specialist-at-kpmg-in-jamaica-4437888587,AI Governance & Inventory Specialist,KPMG in Jamaica,posted,2026-07-08T20:55:03.960796,245
0fd6a12f18a2f696,https://jm.linkedin.com/jobs/view/e-commerce-sales-outreach-specialist-at-talentpop-app-4434885369,E-Commerce Sales Outreach Specialist,TalentPop App,posted,2026-07-08T20:55:09.127067,239
bd7586a149a75777,https://jm.linkedin.com/jobs/view/e-commerce-sales-outreach-specialist-at-talentpop-app-4434875602,E-Commerce Sales Outreach Specialist,TalentPop App,posted,2026-07-08T20:55:14.266636,239
b989ec6fa0380b0c,https://jm.linkedin.com/jobs/view/online-order-support-va-at-talentpop-app-4434892238,Online Order Support VA,TalentPop App,posted,2026-07-08T20:55:19.171555,227
5bfec12583a9d3f6,https://jm.linkedin.com/jobs/view/digital-sales-va-at-talentpop-app-4434887298,Digital Sales VA,TalentPop App,posted,2026-07-08T20:55:24.411935,231
a28c054be20defe8,https://jm.linkedin.com/jobs/view/grocery-manager-at-brookshire-grocery-company-4438116627,Grocery Manager,Brookshire Grocery Company,posted,2026-07-08T20:55:33.905492,247
c1eabdb7778c2402,https://jm.linkedin.com/jobs/view/e-commerce-listings-and-digital-marketing-specialist-at-talentpop-app-4434877675,E-Commerce Listings and Digital Marketing Specialist,TalentPop App,posted,2026-07-08T20:55:38.671595,243
d091f9768433c55e,https://jm.linkedin.com/jobs/view/video-editor-at-talentpop-app-4434878552,Video Editor,TalentPop App,posted,2026-07-08T20:55:43.554516,191
9f56fb42e4775afb,https://jm.linkedin.com/jobs/view/digital-marketing-assistant-at-talentpop-app-4434876630,Digital Marketing Assistant,TalentPop App,posted,2026-07-08T20:55:48.688161,229
ca350d5f1b955bbf,https://jm.linkedin.com/jobs/view/e-commerce-operations-assistant-shopify-%E2%80%93-remote-at-talentpop-app-4434871696,E-Commerce Operations Assistant (Shopify) – Remote,TalentPop App,posted,2026-07-08T20:55:57.536106,249
28a747bb50fd06b5,https://jm.linkedin.com/jobs/view/amazon-va-at-talentpop-app-4434890264,Amazon VA,TalentPop App,posted,2026-07-08T20:56:02.732584,211
a994a7de9f9cb99e,https://jm.linkedin.com/jobs/view/digital-marketing-assistant-at-talentpop-app-4434890434,Digital Marketing Assistant,TalentPop App,posted,2026-07-08T20:56:07.743646,229
66a8c886164b3408,https://jm.linkedin.com/jobs/view/digital-marketing-assistant-at-talentpop-app-4434880528,Digital Marketing Assistant,TalentPop App,posted,2026-07-08T20:56:12.655339,229
ba899299eb715c4d,https://jm.linkedin.com/jobs/view/virtual-revenue-closing-expert-at-talentpop-app-4434869933,Virtual Revenue Closing Expert,TalentPop App,posted,2026-07-08T20:56:17.504407,205
3879d9a58ee8935b,https://jm.linkedin.com/jobs/view/customer-and-sales-engagement-specialist-at-talentpop-app-4434876511,Customer and Sales Engagement Specialist,TalentPop App,posted,2026-07-08T20:56:22.400497,241
b643e7d59855b3be,https://jm.linkedin.com/jobs/view/graphic-designer-at-talentpop-app-4434875692,Graphic Designer,TalentPop App,posted,2026-07-08T20:56:27.262606,197
5b40e2978df8f91b,https://jm.linkedin.com/jobs/view/e-commerce-listings-and-digital-marketing-specialist-at-talentpop-app-4434873678,E-Commerce Listings and Digital Marketing Specialist,TalentPop App,posted,2026-07-08T20:56:32.272985,243
779a083b87359948,https://jm.linkedin.com/jobs/view/social-media-marketing-specialist-at-talentpop-app-4434879428,Social Media Marketing Specialist,TalentPop App,posted,2026-07-08T20:56:37.376824,213
87a34a13ebc64289,https://jm.linkedin.com/jobs/view/product-design-assistant-at-talentpop-app-4434880486,Product Design Assistant,TalentPop App,posted,2026-07-08T20:56:46.420988,251
a09778dfad3bcd05,https://jm.linkedin.com/jobs/view/tiktok-influencer-marketing-assistant-at-talentpop-app-4434873625,TikTok Influencer Marketing Assistant,TalentPop App,scraped,2026-07-08T20:56:50.420213,
6eb4c51c671007ee,https://jm.linkedin.com/jobs/view/graphic-designer-at-talentpop-app-4434888418,Graphic Designer,TalentPop App,posted,2026-07-08T20:56:55.319893,197
303e13e82fe4a777,https://jm.linkedin.com/jobs/view/online-order-support-va-at-talentpop-app-4434872777,Online Order Support VA,TalentPop App,posted,2026-07-08T20:57:00.560576,227
19755a46c220ba48,https://jm.linkedin.com/jobs/view/graphic-designers-video-editors-at-talentpop-app-4434891200,Graphic Designers/ Video Editors,TalentPop App,posted,2026-07-08T20:57:09.183629,253
e4500fa4d1312cc0,https://jm.linkedin.com/jobs/view/graphic-designer-at-talentpop-app-4434887389,Graphic Designer,TalentPop App,posted,2026-07-08T20:57:14.070725,197
6d2ea9372a93ebea,https://jm.linkedin.com/jobs/view/graphic-designers-video-editors-at-talentpop-app-4434878487,Graphic Designers/ Video Editors,TalentPop App,posted,2026-07-08T20:57:19.116839,253
d8504e187b7ab779,https://jm.linkedin.com/jobs/view/plan-documents-specialist-freelance-project-at-meridial-marketplace-by-invisible-4318532276,Plan Documents Specialist - Freelance Project,"Meridial Marketplace, by Invisible",posted,2026-07-08T20:57:29.960501,255
2b32db53d9715fa6,https://jm.linkedin.com/jobs/view/retirement-plan-administration-specialist-freelance-project-at-meridial-marketplace-by-invisible-4318583837,Retirement Plan Administration Specialist - Freelance Project,"Meridial Marketplace, by Invisible",posted,2026-07-08T20:57:38.688914,257
30fe9082d1973c17,https://jm.linkedin.com/jobs/view/payroll-specialist-freelance-project-at-meridial-marketplace-by-invisible-4318523801,Payroll Specialist - Freelance Project,"Meridial Marketplace, by Invisible",posted,2026-07-08T20:57:47.038505,259
d34c5a47e8261677,https://jm.linkedin.com/jobs/view/marketing-intern-at-the-heineken-company-4437315421,Marketing Intern,The HEINEKEN Company,posted,2026-07-09T10:35:40.979667,261
cc4d261e12515136,https://jm.linkedin.com/jobs/view/customer-support-agent-at-talentpop-app-4434871665,Customer Support Agent,TalentPop App,posted,2026-07-09T10:35:45.773415,195
aa9bf1c2faaadd47,https://jm.linkedin.com/jobs/view/lead-compliance-at-arise-4437310458,"Lead, Compliance",Arise,posted,2026-07-09T10:35:53.876018,263
a04957e5992a9a05,https://jm.linkedin.com/jobs/view/freelance-graphic-designer-intern-at-creativemartin-studios-4432768990,Freelance Graphic Designer Intern,,scraped,2026-07-09T10:35:56.436181,
936364a381985193,https://jm.linkedin.com/jobs/view/data-entry-reporting-associate-at-talentpop-app-4434876550,Data Entry & Reporting Associate,TalentPop App,posted,2026-07-09T10:36:09.543674,187
4b488b7715f08a53,https://jm.linkedin.com/jobs/view/remote-documentation-specialist-at-meadow-memorials-4438547952,Remote Documentation Specialist,Meadow Memorials,posted,2026-07-09T10:36:20.781573,265
2304f4d553187808,https://jm.linkedin.com/jobs/view/customer-support-agent-at-talentpop-app-4434886450,Customer Support Agent,TalentPop App,posted,2026-07-09T10:36:25.631694,195
99c2fc179be69c34,https://jm.linkedin.com/jobs/view/video-editor-at-talentpop-app-4434874725,Video Editor,TalentPop App,posted,2026-07-09T10:36:30.550922,191
0e35b8aab52d692d,https://jm.linkedin.com/jobs/view/human-resources-talent-and-culture-manager-kingston-at-wisdom-human-capital-limited-4438593872,"Human Resources, Talent and Culture Manager - Kingston",,scraped,2026-07-09T10:36:45.362641,
d1a8f7f763bc1afe,https://jm.linkedin.com/jobs/view/video-editor-at-talentpop-app-4434891304,Video Editor,TalentPop App,posted,2026-07-09T10:36:53.550068,191
57fe65b89ce97dd6,https://jm.linkedin.com/jobs/view/video-editor-at-talentpop-app-4434892210,Video Editor,TalentPop App,scraped,2026-07-09T10:36:57.557475,
306c0f28dcc76d18,https://jm.linkedin.com/jobs/view/portfolio-manager-freelance-ai-trainer-at-mindrift-4438211135,Portfolio Manager - Freelance AI Trainer,Mindrift,posted,2026-07-09T10:37:02.523159,59
3cdc20b8712038bd,https://jm.linkedin.com/jobs/view/appointment-setter-at-kuubiik-4434810189,Appointment Setter,,scraped,2026-07-09T10:37:09.075818,
b235af842f65ba51,https://jm.linkedin.com/jobs/view/program-manager-at-confidential-4437486962,Program Manager,Confidential,posted,2026-07-09T10:37:23.510844,267
642fe4fb56e7b9af,https://jm.linkedin.com/jobs/view/sales-development-representative-at-club-feast-4434892383,Sales Development Representative,Club Feast,posted,2026-07-09T10:37:30.447429,145
40055b6e684d9269,https://jm.linkedin.com/jobs/view/sales-development-representative-at-globaltize-4438259975,Sales Development Representative,Globaltize,posted,2026-07-09T10:37:35.363987,145
4720a84ec778ba50,https://jm.linkedin.com/jobs/view/sales-development-representative-sdr-at-secure-iq-services-4438201200,Sales Development Representative (SDR),,scraped,2026-07-09T10:37:39.916041,
bd480a680bf05060,https://jm.linkedin.com/jobs/view/cryptocurrency-and-blockchain-journalist-and-reporters-asia-at-coinchapter-4438526988,Cryptocurrency and Blockchain Journalist and Reporters Asia,CoinChapter,posted,2026-07-09T10:37:56.224677,269
4d879b5a60475792,https://jm.linkedin.com/jobs/view/cryptocurrency-and-blockchain-journalist-and-reporters-u-k-europe-%E2%80%93-remote-at-coinchapter-4438526991,Cryptocurrency and Blockchain Journalist and Reporters U.K./ Europe – Remote,CoinChapter,posted,2026-07-09T10:38:12.417941,271
678d7098d6012724,https://jm.linkedin.com/jobs/view/data-entry-reporting-associate-at-talentpop-app-4434870741,Data Entry & Reporting Associate,TalentPop App,posted,2026-07-09T10:38:21.239183,187
ecd6f0704cac5dcb,https://jm.linkedin.com/jobs/view/data-entry-reporting-associate-at-talentpop-app-4434889256,Data Entry & Reporting Associate,TalentPop App,posted,2026-07-09T10:38:26.399847,187
e85e4e38b47bbcb3,https://jm.linkedin.com/jobs/view/data-entry-reporting-associate-at-talentpop-app-4434883309,Data Entry & Reporting Associate,TalentPop App,posted,2026-07-09T10:38:31.309196,187
2e3638aa102969f1,https://jm.linkedin.com/jobs/view/email-marketing-assistant-at-talentpop-app-4434871812,Email Marketing Assistant,TalentPop App,posted,2026-07-09T10:38:38.007505,223
b27597cca842e6bb,https://jm.linkedin.com/jobs/view/influencer-outreach-specialist-remote-full-time-at-talentpop-app-4434891293,Influencer Outreach Specialist (Remote | Full-Time),TalentPop App,posted,2026-07-09T10:38:46.708890,203
c2eeb3d4afacd22d,https://jm.linkedin.com/jobs/view/graphic-designers-video-editors-at-talentpop-app-4434884363,Graphic Designers/ Video Editors,TalentPop App,posted,2026-07-09T10:38:53.630620,253
040d35abf09c7279,https://jm.linkedin.com/jobs/view/online-order-support-va-at-talentpop-app-4434878480,Online Order Support VA,TalentPop App,posted,2026-07-09T10:39:04.475227,227
4da93ad51949f171,https://jm.linkedin.com/jobs/view/influencer-partnerships-specialist-remote-at-talentpop-app-4434882385,Influencer Partnerships Specialist (Remote),TalentPop App,posted,2026-07-09T10:39:09.379528,215
5672ddedf9ac0c12,https://jm.linkedin.com/jobs/view/email-marketing-assistant-at-talentpop-app-4434872801,Email Marketing Assistant,TalentPop App,posted,2026-07-09T10:39:16.178960,223
2ec8f99000c5d543,https://jm.linkedin.com/jobs/view/email-marketing-assistant-at-talentpop-app-4434891277,Email Marketing Assistant,TalentPop App,posted,2026-07-09T10:39:20.980732,223
0363e1725aed6fc8,https://jm.linkedin.com/jobs/view/online-order-support-va-at-talentpop-app-4434883452,Online Order Support VA,TalentPop App,posted,2026-07-09T10:39:29.999190,227
85d1b6739e4ee908,https://jm.linkedin.com/jobs/view/graphic-designers-video-editors-at-talentpop-app-4434892311,Graphic Designers/ Video Editors,TalentPop App,posted,2026-07-09T10:39:34.789162,253
281d48f54402af23,https://jm.linkedin.com/jobs/view/product-design-assistant-at-talentpop-app-4434878645,Product Design Assistant,TalentPop App,posted,2026-07-09T10:39:39.643618,251
c462b33383796a70,https://jm.linkedin.com/jobs/view/tiktok-influencer-marketing-assistant-at-talentpop-app-4434892224,TikTok Influencer Marketing Assistant,TalentPop App,posted,2026-07-09T10:39:44.398119,193
14f61e0c4df8c706,https://jm.linkedin.com/jobs/view/compliance-analyst-freelance-ai-trainer-at-mindrift-4438594651,Compliance Analyst - Freelance AI Trainer,Mindrift,posted,2026-07-09T10:39:54.232847,273
1da4808c11b7f147,https://jm.linkedin.com/jobs/view/sales-trainer-at-vxi-global-solutions-4438504854,Sales Trainer,VXI Global Solutions,posted,2026-07-09T10:40:03.769745,275
d2f495b4384b5b86,https://jm.linkedin.com/jobs/view/customer-support-agent-at-talentpop-app-4434883430,Customer Support Agent,TalentPop App,posted,2026-07-09T10:40:08.690653,195
e97868c0ace6dcd7,https://jm.linkedin.com/jobs/view/customer-support-agent-at-talentpop-app-4434870924,Customer Support Agent,TalentPop App,posted,2026-07-09T10:40:15.882579,195
74a345af6c05f438,https://jm.linkedin.com/jobs/view/assistant-greenkeeper-at-british-international-golf-greenkeepers-association-bigga-4438592447,Assistant Greenkeeper,,scraped,2026-07-09T10:40:18.483694,
61078dd6deef528b,https://jm.linkedin.com/jobs/view/graphic-designers-video-editors-at-talentpop-app-4434889344,Graphic Designers/ Video Editors,TalentPop App,posted,2026-07-09T10:40:27.855991,253
2cc3398ba1c61808,https://jm.linkedin.com/jobs/view/seo-growth-assistant-remote-at-talentpop-app-4434891136,SEO & Growth Assistant (Remote),TalentPop App,posted,2026-07-09T10:40:32.646397,207
f9880241df44c699,https://jm.linkedin.com/jobs/view/tiktok-influencer-marketing-assistant-at-talentpop-app-4434891207,TikTok Influencer Marketing Assistant,TalentPop App,posted,2026-07-09T10:40:39.408678,193
05e5bd6aa11d5d52,https://jm.linkedin.com/jobs/view/influencer-outreach-specialist-remote-full-time-at-talentpop-app-4434887542,Influencer Outreach Specialist (Remote | Full-Time),TalentPop App,posted,2026-07-09T10:40:48.411800,203
dcbad82ab1ff05d2,https://jm.linkedin.com/jobs/view/data-entry-reporting-associate-at-talentpop-app-4434891370,Data Entry & Reporting Associate,TalentPop App,posted,2026-07-09T10:40:53.678920,187
6ea577dd4e1d9576,https://jm.linkedin.com/jobs/view/seo-growth-assistant-remote-at-talentpop-app-4434878650,SEO & Growth Assistant (Remote),TalentPop App,posted,2026-07-09T10:41:00.478746,207
44a57145ef0d323c,https://jm.linkedin.com/jobs/view/influencer-partnerships-specialist-remote-at-talentpop-app-4434887376,Influencer Partnerships Specialist (Remote),TalentPop App,posted,2026-07-09T10:41:07.800515,215
0b63d8c9004c8bfb,https://jm.linkedin.com/jobs/view/customer-support-agent-at-talentpop-app-4434889367,Customer Support Agent,TalentPop App,posted,2026-07-09T10:41:12.629163,195
c2b97284014d2269,https://jm.linkedin.com/jobs/view/data-entry-reporting-associate-at-talentpop-app-4434880390,Data Entry & Reporting Associate,TalentPop App,scraped,2026-07-09T10:41:18.718415,
57bc037850fa9963,https://jm.linkedin.com/jobs/view/e-commerce-operations-assistant-shopify-%E2%80%93-remote-at-talentpop-app-4434881418,E-Commerce Operations Assistant (Shopify) – Remote,TalentPop App,posted,2026-07-09T10:41:23.843780,249
74a55eb5ff6ea754,https://jm.linkedin.com/jobs/view/email-marketing-assistant-at-talentpop-app-4434871719,Email Marketing Assistant,TalentPop App,posted,2026-07-09T10:41:30.724795,223
51188b9f82309a31,https://jm.linkedin.com/jobs/view/wynik-naboru-na-stanowisko-podle%C5%9Bniczego-at-wielkopolski-park-narodowy-4438615509,WYNIK NABORU NA STANOWISKO PODLEŚNICZEGO,Wielkopolski Park Narodowy,posted,2026-07-09T10:41:40.604679,277
08405e9569d0ddb1,https://jm.linkedin.com/jobs/view/sales-support-va-at-talentpop-app-4434890364,Sales & Support VA,TalentPop App,posted,2026-07-09T10:41:49.507545,237
e42b71c0031dbf59,https://jm.linkedin.com/jobs/view/online-order-support-va-at-talentpop-app-4434879616,Online Order Support VA,TalentPop App,posted,2026-07-09T10:42:04.957523,227
b848d712c36951f3,https://jm.linkedin.com/jobs/view/tiktok-influencer-marketing-assistant-at-talentpop-app-4434879389,TikTok Influencer Marketing Assistant,TalentPop App,posted,2026-07-09T10:42:09.878506,193
ac6911ac9ef49c2b,https://jm.linkedin.com/jobs/view/sales-support-va-at-talentpop-app-4434890209,Sales & Support VA,TalentPop App,posted,2026-07-09T10:42:15.133121,237
cc18b055ce8ec3f0,https://jm.linkedin.com/jobs/view/graphic-designers-video-editors-at-talentpop-app-4434871596,Graphic Designers/ Video Editors,TalentPop App,posted,2026-07-09T10:42:22.381853,253
4efdf1ff4c3d3792,https://jm.linkedin.com/jobs/view/email-marketing-assistant-at-talentpop-app-4434889424,Email Marketing Assistant,TalentPop App,posted,2026-07-09T10:42:29.446032,223
132e83ccf82e4a40,https://jm.linkedin.com/jobs/view/customer-and-sales-engagement-specialist-at-talentpop-app-4434873642,Customer and Sales Engagement Specialist,TalentPop App,posted,2026-07-09T10:42:34.673357,241
adf937aea021a49b,https://jm.linkedin.com/jobs/view/health-safety-supervisor-%E2%80%93-jamaica-exploration-at-barrick-mining-corporation-4437079911,Health & Safety Supervisor – Jamaica Exploration,,scraped,2026-07-09T10:42:39.294851,
abc9643b16b5b1bd,https://jm.linkedin.com/jobs/view/e-commerce-listings-and-digital-marketing-specialist-at-talentpop-app-4434881372,E-Commerce Listings and Digital Marketing Specialist,TalentPop App,posted,2026-07-09T10:42:50.352765,243
e35a19efd26b66f2,https://jm.linkedin.com/jobs/view/seo-assistant-at-talentpop-app-4434872708,SEO Assistant,TalentPop App,posted,2026-07-09T10:42:55.038820,209
c644278e3f210060,https://jm.linkedin.com/jobs/view/influencer-outreach-specialist-remote-full-time-at-talentpop-app-4434871732,Influencer Outreach Specialist (Remote | Full-Time),TalentPop App,posted,2026-07-09T10:42:59.907126,203
56e82e55f9529996,https://jm.linkedin.com/jobs/view/influencer-outreach-specialist-remote-full-time-at-talentpop-app-4434889460,Influencer Outreach Specialist (Remote | Full-Time),TalentPop App,posted,2026-07-09T10:43:07.116624,203
0d417b32b65905cf,https://jm.linkedin.com/jobs/view/seo-assistant-at-talentpop-app-4434883484,SEO Assistant,TalentPop App,posted,2026-07-09T10:43:12.140994,209
9e308a971a038ee2,https://jm.linkedin.com/jobs/view/e-commerce-listings-and-digital-marketing-specialist-at-talentpop-app-4434874634,E-Commerce Listings and Digital Marketing Specialist,TalentPop App,posted,2026-07-09T10:43:16.917095,243
0ff7de8c1e058081,https://jm.linkedin.com/jobs/view/sales-support-va-at-talentpop-app-4434871598,Sales & Support VA,TalentPop App,posted,2026-07-09T10:43:23.954417,237
17d9e84c8b73f5b7,https://jm.linkedin.com/jobs/view/driver-at-a-p-moller-maersk-4437887798,Driver,,scraped,2026-07-09T10:43:26.598292,
5687de2df1cf7f01,https://jm.linkedin.com/jobs/view/amazon-va-at-talentpop-app-4434878550,Amazon VA,TalentPop App,posted,2026-07-09T10:43:35.751864,211
346f2921d91a0fd5,https://jm.linkedin.com/jobs/view/affiliate-marketing-coordinator-at-talentpop-app-4434872782,Affiliate Marketing Coordinator,TalentPop App,posted,2026-07-09T10:43:40.698737,217
b3e62095ad8ecd75,https://jm.linkedin.com/jobs/view/digital-sales-support-representative-at-talentpop-app-4434887458,Digital Sales & Support Representative,TalentPop App,posted,2026-07-09T10:43:53.487770,221
d6c9d2a980bbe5a2,https://jm.linkedin.com/jobs/view/digital-sales-support-representative-at-talentpop-app-4434887380,Digital Sales & Support Representative,TalentPop App,posted,2026-07-09T10:43:58.449575,221
f6e1a8f038746660,https://jm.linkedin.com/jobs/view/digital-sales-support-representative-at-talentpop-app-4434886321,Digital Sales & Support Representative,TalentPop App,scraped,2026-07-09T10:44:02.570493,
e30eff5a4b06459b,https://jm.linkedin.com/jobs/view/digital-sales-support-representative-at-talentpop-app-4434890219,Digital Sales & Support Representative,TalentPop App,posted,2026-07-09T10:44:07.754456,221
f003fbe664820066,https://jm.linkedin.com/jobs/view/digital-sales-va-at-talentpop-app-4434872601,Digital Sales VA,TalentPop App,posted,2026-07-09T10:44:14.414656,231
e4d9a352deee5e67,https://jm.linkedin.com/jobs/view/digital-experience-av-systems-engineer-at-vantageone-marketing-group-4438295872,Digital Experience & AV Systems Engineer,,scraped,2026-07-09T10:44:17.065537,
4c378f4310210d04,https://jm.linkedin.com/jobs/view/sales-support-va-at-talentpop-app-4434873759,Sales & Support VA,TalentPop App,posted,2026-07-09T10:44:25.635960,237
fc75b1b5c782f90b,https://jm.linkedin.com/jobs/view/customer-and-sales-engagement-specialist-at-talentpop-app-4434869869,Customer and Sales Engagement Specialist,TalentPop App,posted,2026-07-09T10:44:34.513578,241
e21fad2fd3d99d49,https://jm.linkedin.com/jobs/view/customer-and-sales-engagement-specialist-at-talentpop-app-4434875559,Customer and Sales Engagement Specialist,TalentPop App,posted,2026-07-09T10:44:39.701539,241
77a86c9b974fcfac,https://jm.linkedin.com/jobs/view/online-order-support-va-at-talentpop-app-4434887371,Online Order Support VA,TalentPop App,posted,2026-07-09T10:44:44.682474,227
aa82e5c8d5fb294c,https://jm.linkedin.com/jobs/view/tech-support-at-digicel-group-4425331167,Tech Support,,scraped,2026-07-09T10:44:47.465301,
6fe1a71daf958692,https://jm.linkedin.com/jobs/view/digital-sales-va-at-talentpop-app-4434875513,Digital Sales VA,TalentPop App,posted,2026-07-09T10:44:56.146748,231
221e4e0c2ab6068f,https://jm.linkedin.com/jobs/view/online-order-support-va-at-talentpop-app-4434882453,Online Order Support VA,TalentPop App,posted,2026-07-09T10:45:02.922236,227
eb6b56693d6ab1a9,https://jm.linkedin.com/jobs/view/e-commerce-sales-outreach-specialist-at-talentpop-app-4434875565,E-Commerce Sales Outreach Specialist,TalentPop App,posted,2026-07-09T10:45:09.744306,239
d08832fe0073d513,https://jm.linkedin.com/jobs/view/product-design-assistant-at-talentpop-app-4434874682,Product Design Assistant,TalentPop App,posted,2026-07-09T10:45:16.606599,251
5d151dd88435d055,https://jm.linkedin.com/jobs/view/digital-sales-va-at-talentpop-app-4434888237,Digital Sales VA,TalentPop App,posted,2026-07-09T10:45:21.628581,231
54d1ce315216d754,https://jm.linkedin.com/jobs/view/social-media-marketing-specialist-at-talentpop-app-4434870743,Social Media Marketing Specialist,TalentPop App,posted,2026-07-09T10:45:26.517475,213
5586140979f9b56d,https://jm.linkedin.com/jobs/view/social-media-marketing-specialist-at-talentpop-app-4434887425,Social Media Marketing Specialist,TalentPop App,posted,2026-07-09T10:45:31.374553,213
4a450a8ca7b6d0d7,https://jm.linkedin.com/jobs/view/video-editor-at-talentpop-app-4434888370,Video Editor,TalentPop App,posted,2026-07-09T10:45:36.357110,191
46d6cdb34608694b,https://jm.linkedin.com/jobs/view/video-editor-at-talentpop-app-4434874699,Video Editor,TalentPop App,scraped,2026-07-09T10:45:40.343729,
1e40d3e8a86b2b04,https://jm.linkedin.com/jobs/view/e-commerce-listings-and-digital-marketing-specialist-at-talentpop-app-4434885336,E-Commerce Listings and Digital Marketing Specialist,TalentPop App,posted,2026-07-09T10:45:49.129556,243
e3c1b07ad52932f0,https://jm.linkedin.com/jobs/view/customer-support-agent-saas-and-voip-at-influx-4435665093,Customer Support Agent (SaaS and VoIP),,scraped,2026-07-09T10:45:53.646163,
54bf0d08b83f6942,https://jm.linkedin.com/jobs/view/affiliate-marketing-coordinator-at-talentpop-app-4434889405,Affiliate Marketing Coordinator,TalentPop App,posted,2026-07-09T10:46:02.289175,217
fb5f7b3ef0975dc9,https://jm.linkedin.com/jobs/view/e-commerce-sales-outreach-specialist-at-talentpop-app-4434890369,E-Commerce Sales Outreach Specialist,TalentPop App,posted,2026-07-09T10:46:07.005422,239
8c71f3439ff0e560,https://jm.linkedin.com/jobs/view/virtual-revenue-closing-expert-at-talentpop-app-4434891335,Virtual Revenue Closing Expert,TalentPop App,posted,2026-07-09T10:46:13.827784,205
4a2f030bde5a76d8,https://jm.linkedin.com/jobs/view/digital-sales-support-representative-at-talentpop-app-4434872670,Digital Sales & Support Representative,TalentPop App,posted,2026-07-09T10:46:20.807198,221
130875907c75a255,https://jm.linkedin.com/jobs/view/digital-sales-support-representative-at-talentpop-app-4434873663,Digital Sales & Support Representative,TalentPop App,scraped,2026-07-09T10:46:25.058954,
442d3a750967d2da,https://jm.linkedin.com/jobs/view/math-tutor-4438599509,Math Tutor,AuntyCelina,posted,2026-07-09T10:46:34.802242,279
6f22431feedbd42d,https://jm.linkedin.com/jobs/view/virtual-revenue-closing-expert-at-talentpop-app-4434884420,Virtual Revenue Closing Expert,TalentPop App,posted,2026-07-09T10:46:43.675788,205
d1d3550646213b13,https://jm.linkedin.com/jobs/view/bilingual-quality-assurance-analyst-english-spanish-at-centerfield-4356659525,Bilingual Quality Assurance Analyst (English & Spanish),Centerfield,posted,2026-07-09T10:46:52.815610,173
6c93439cc1e5e1f6,https://jm.linkedin.com/jobs/view/business-development-manager-at-corpay-4437349644,Business Development Manager,Corpay,posted,2026-07-09T10:47:03.206498,281
abcf8836ba272145,https://jm.linkedin.com/jobs/view/driver-i-non-regulated-lso-flc-at-a-p-moller-maersk-4437884884,Driver I (non-regulated) [LSO FLC],,scraped,2026-07-09T10:47:10.106972,
3934052ad290fa70,https://jm.linkedin.com/jobs/view/inbound-call-center-agent-montego-bay-at-centerfield-4370648491,Inbound Call Center Agent - Montego Bay,Centerfield,posted,2026-07-09T10:47:29.749881,283
7ad5a19337238318,https://jm.linkedin.com/jobs/view/data-entry-reporting-associate-at-talentpop-app-4434870744,Data Entry & Reporting Associate,TalentPop App,posted,2026-07-09T18:36:13.472902,187
92968087717e5cad,https://jm.linkedin.com/jobs/view/data-entry-reporting-associate-at-talentpop-app-4434886297,Data Entry & Reporting Associate,TalentPop App,posted,2026-07-09T18:36:25.129570,285
c020b5010e07c4de,https://jm.linkedin.com/jobs/view/customer-support-specialist-freelance-ai-trainer-at-mindrift-4438620525,Customer Support Specialist - Freelance AI Trainer,Mindrift,posted,2026-07-09T18:36:30.631185,181
24071c25f988bb7b,https://jm.linkedin.com/jobs/view/assistant-project-hybrid-jamaica-at-phoenix-tower-international-4438259591,"Assistant, Project (HYBRID) | JAMAICA",Phoenix Tower International,posted,2026-07-09T18:37:01.122325,287
567f94a103a18c05,https://jm.linkedin.com/jobs/view/social-media-content-manager-at-eberle-studios-4436888271,Social Media & Content Manager,Eberle Studios,posted,2026-07-09T18:37:16.111602,289
21f533f609201919,https://jm.linkedin.com/jobs/view/video-editor-at-talentpop-app-4434876670,Video Editor,TalentPop App,posted,2026-07-09T18:37:33.797350,191
76cdaba1f9e33560,https://jm.linkedin.com/jobs/view/accountant-at-fujitsu-4438115393,Accountant,,scraped,2026-07-09T18:37:44.416898,
871ad4fda18fa50a,https://jm.linkedin.com/jobs/view/head-of-customer-experience-4437323828,Head of Customer Experience,Technology HR Recruiters,posted,2026-07-09T18:38:05.184997,291
a5c68a6b34fa2b7a,https://jm.linkedin.com/jobs/view/email-marketing-assistant-at-talentpop-app-4434891343,Email Marketing Assistant,TalentPop App,posted,2026-07-09T18:38:13.665622,223
d4afefa399d969b3,https://jm.linkedin.com/jobs/view/biomedical-scientist-at-sonic-healthcare-uk-4437076264,Biomedical Scientist,,scraped,2026-07-09T18:38:16.420595,
e6b8d55c2083c423,https://jm.linkedin.com/jobs/view/customer-support-and-sales-specialist-at-talentpop-app-4435672377,Customer Support and Sales Specialist,TalentPop App,posted,2026-07-09T18:38:38.359191,293
cbbcda211aef9870,https://jm.linkedin.com/jobs/view/sales-support-rep-%E2%80%93-email-chat-remote-at-talentpop-app-4435666650,Sales Support Rep – Email & Chat (Remote),TalentPop App,posted,2026-07-09T18:39:14.036414,295
fb0c6419fd9078e3,https://jm.linkedin.com/jobs/view/email-marketing-assistant-at-talentpop-app-4434887534,Email Marketing Assistant,TalentPop App,posted,2026-07-09T18:39:28.159018,223
3ae67b0f062a32b0,https://jm.linkedin.com/jobs/view/video-editor-at-talentpop-app-4434882415,Video Editor,TalentPop App,posted,2026-07-09T18:39:35.750391,191
722e3f2a3ae982a9,https://jm.linkedin.com/jobs/view/tiktok-influencer-marketing-assistant-at-talentpop-app-4434888308,TikTok Influencer Marketing Assistant,TalentPop App,posted,2026-07-09T18:39:43.614508,193
bcad0775d73bab37,https://jm.linkedin.com/jobs/view/e-commerce-sales-specialist-at-talentpop-app-4435681181,E-Commerce Sales Specialist,TalentPop App,posted,2026-07-09T18:40:06.625639,297
dfb5362a155a9e4b,https://jm.linkedin.com/jobs/view/sales-support-rep-%E2%80%93-email-chat-remote-at-talentpop-app-4435686102,Sales Support Rep – Email & Chat (Remote),TalentPop App,posted,2026-07-09T18:40:16.616111,295
4d0e71c38620938b,https://jm.linkedin.com/jobs/view/sales-support-rep-%E2%80%93-email-chat-remote-at-talentpop-app-4435674345,Sales Support Rep – Email & Chat (Remote),TalentPop App,posted,2026-07-09T18:40:24.396552,295
87135757bab4621a,https://jm.linkedin.com/jobs/view/customer-support-and-sales-specialist-at-talentpop-app-4435668617,Customer Support and Sales Specialist,TalentPop App,posted,2026-07-09T18:40:31.757833,293
1d5a48d516ca2235,https://jm.linkedin.com/jobs/view/customer-support-and-sales-specialist-at-talentpop-app-4435685100,Customer Support and Sales Specialist,TalentPop App,posted,2026-07-09T18:40:37.666498,293
d69763e46e8c6170,https://jm.linkedin.com/jobs/view/e-commerce-sales-specialist-at-talentpop-app-4435685129,E-Commerce Sales Specialist,TalentPop App,posted,2026-07-09T18:40:42.983927,297
906322c9aa863801,https://jm.linkedin.com/jobs/view/e-commerce-sales-outreach-specialist-at-talentpop-app-4434889417,E-Commerce Sales Outreach Specialist,TalentPop App,posted,2026-07-09T18:40:51.362999,239
7ffe656b8d76ffc8,https://jm.linkedin.com/jobs/view/influencer-partnerships-specialist-remote-at-talentpop-app-4434872688,Influencer Partnerships Specialist (Remote),TalentPop App,posted,2026-07-09T18:40:58.404389,215
a47fcd1efadecda3,https://jm.linkedin.com/jobs/view/email-marketing-assistant-at-talentpop-app-4434870840,Email Marketing Assistant,TalentPop App,posted,2026-07-09T18:41:04.119844,223
acbbda08227f1203,https://jm.linkedin.com/jobs/view/customer-and-sales-engagement-specialist-at-talentpop-app-4434889260,Customer and Sales Engagement Specialist,TalentPop App,posted,2026-07-09T18:41:11.746370,241
6f86ea50d62028c0,https://jm.linkedin.com/jobs/view/customer-and-sales-engagement-specialist-at-talentpop-app-4434873729,Customer and Sales Engagement Specialist,TalentPop App,scraped,2026-07-09T18:41:15.708729,
94a03832724d97bf,https://jm.linkedin.com/jobs/view/influencer-partnerships-specialist-remote-at-talentpop-app-4434880445,Influencer Partnerships Specialist (Remote),TalentPop App,posted,2026-07-09T18:41:23.139248,215
74b7a6dfef431a95,https://jm.linkedin.com/jobs/view/affiliate-marketing-coordinator-at-talentpop-app-4434869966,Affiliate Marketing Coordinator,TalentPop App,posted,2026-07-09T18:41:28.708953,217
12d1f10e670f2413,https://jm.linkedin.com/jobs/view/shopify-gorgias-customer-support-agent-at-talentpop-app-4435675327,Shopify/ Gorgias Customer Support Agent,TalentPop App,posted,2026-07-09T18:41:41.185622,299
c4fc33f4f9263c88,https://jm.linkedin.com/jobs/view/shopify-gorgias-customer-support-agent-at-talentpop-app-4435667620,Shopify/ Gorgias Customer Support Agent,TalentPop App,posted,2026-07-09T18:41:52.778595,299
583ee80f5f747649,https://jm.linkedin.com/jobs/view/data-entry-reporting-associate-at-talentpop-app-4434892185,Data Entry & Reporting Associate,TalentPop App,scraped,2026-07-09T18:41:58.852611,
cca156ea59d25885,https://jm.linkedin.com/jobs/view/customer-service-representative-at-talentpop-app-4434877527,Customer Service Representative,TalentPop App,posted,2026-07-09T18:42:07.831292,219
faefe5616df85923,https://jm.linkedin.com/jobs/view/customer-service-representative-at-talentpop-app-4434879503,Customer Service Representative,TalentPop App,scraped,2026-07-09T18:42:11.834846,
ba487a71a4b647ef,https://jm.linkedin.com/jobs/view/virtual-revenue-closing-expert-at-talentpop-app-4434871798,Virtual Revenue Closing Expert,TalentPop App,posted,2026-07-09T18:42:22.942368,205
8a61cd2cc2e27d0b,https://jm.linkedin.com/jobs/view/e-commerce-sales-specialist-at-talentpop-app-4435669571,E-Commerce Sales Specialist,TalentPop App,posted,2026-07-09T18:42:30.327991,297
0ad8c8a7a554d7a6,https://jm.linkedin.com/jobs/view/e-commerce-sales-outreach-specialist-at-talentpop-app-4434887491,E-Commerce Sales Outreach Specialist,TalentPop App,posted,2026-07-09T18:42:35.299091,239
24c307935b1f67bc,https://jm.linkedin.com/jobs/view/data-entry-reporting-associate-at-talentpop-app-4434874596,Data Entry & Reporting Associate,TalentPop App,posted,2026-07-09T18:42:46.923553,187
e52ade928e5d402d,https://jm.linkedin.com/jobs/view/wynik-naboru-na-stanowisko-referenta-ds-administracyjnych-at-wielkopolski-park-narodowy-4438608740,Wynik naboru na stanowisko referenta ds. administracyjnych,Wielkopolski Park Narodowy,posted,2026-07-09T18:43:12.060018,301
ef4789b58c86b68c,https://jm.linkedin.com/jobs/view/care-assistant-bank-at-carebase-4437559660,Care Assistant - Bank,,scraped,2026-07-09T18:43:20.662409,
d55d8195cc1f0e0e,https://jm.linkedin.com/jobs/view/senior-care-assistant-bank-at-carebase-4437555769,Senior Care Assistant (Bank),,scraped,2026-07-09T18:43:31.628634,
1df443307d93a059,https://jm.linkedin.com/jobs/view/sales-support-rep-%E2%80%93-email-chat-remote-at-talentpop-app-4435672391,Sales Support Rep – Email & Chat (Remote),TalentPop App,posted,2026-07-09T18:43:47.209372,295
c43ab0e4c3c12fd0,https://jm.linkedin.com/jobs/view/affiliate-marketing-coordinator-at-talentpop-app-4434881439,Affiliate Marketing Coordinator,TalentPop App,posted,2026-07-09T18:43:55.981821,217
cf3db7c473803df5,https://jm.linkedin.com/jobs/view/sales-support-rep-%E2%80%93-email-chat-remote-at-talentpop-app-4435684173,Sales Support Rep – Email & Chat (Remote),TalentPop App,posted,2026-07-09T18:44:01.687818,295
f348d6ffcb8da6e0,https://jm.linkedin.com/jobs/view/customer-support-agent-at-talentpop-app-4434876648,Customer Support Agent,TalentPop App,posted,2026-07-09T18:44:13.555015,195
5f5f1db4f763481f,https://jm.linkedin.com/jobs/view/digital-sales-support-representative-at-talentpop-app-4434888386,Digital Sales & Support Representative,TalentPop App,posted,2026-07-09T18:44:22.569735,221
5ce40b16e3d5c2e2,https://jm.linkedin.com/jobs/view/digital-sales-support-representative-at-talentpop-app-4434881481,Digital Sales & Support Representative,TalentPop App,posted,2026-07-09T18:44:27.971542,221
dec53bf128041613,https://jm.linkedin.com/jobs/view/social-media-marketing-specialist-at-talentpop-app-4434869945,Social Media Marketing Specialist,TalentPop App,posted,2026-07-09T18:44:38.506679,213
9999739b60dacf8c,https://jm.linkedin.com/jobs/view/sales-support-va-at-talentpop-app-4434878423,Sales & Support VA,TalentPop App,posted,2026-07-09T18:44:50.473024,237
3b80ce1069bc6323,https://jm.linkedin.com/jobs/view/digital-sales-support-representative-at-talentpop-app-4434888388,Digital Sales & Support Representative,TalentPop App,posted,2026-07-09T18:44:56.391699,221
d6343ca862d23b8d,https://jm.linkedin.com/jobs/view/digital-sales-support-representative-at-talentpop-app-4434873668,Digital Sales & Support Representative,TalentPop App,scraped,2026-07-09T18:45:00.778662,
319278f9cd0360eb,https://jm.linkedin.com/jobs/view/influencer-partnerships-specialist-remote-at-talentpop-app-4434884297,Influencer Partnerships Specialist (Remote),TalentPop App,posted,2026-07-09T18:45:23.480201,215
8a31023c9a1c8072,https://jm.linkedin.com/jobs/view/digital-sales-support-representative-at-talentpop-app-4434887381,Digital Sales & Support Representative,TalentPop App,posted,2026-07-09T18:45:33.013313,221
5a6afc592a93d282,https://jm.linkedin.com/jobs/view/tiktok-influencer-marketing-assistant-at-talentpop-app-4434878531,TikTok Influencer Marketing Assistant,TalentPop App,posted,2026-07-09T18:45:57.336109,193
fe9875d6973b0688,https://jm.linkedin.com/jobs/view/e-commerce-listings-and-digital-marketing-specialist-at-talentpop-app-4434870802,E-Commerce Listings and Digital Marketing Specialist,TalentPop App,posted,2026-07-09T18:46:04.912496,243
4fc3dffda647b2ea,https://jm.linkedin.com/jobs/view/sales-support-va-at-talentpop-app-4434884259,Sales & Support VA,TalentPop App,posted,2026-07-09T18:46:12.215889,237
7a257a827d5672da,https://jm.linkedin.com/jobs/view/digital-marketing-assistant-at-talentpop-app-4434881488,Digital Marketing Assistant,TalentPop App,posted,2026-07-09T18:46:17.660738,229
1a4a958effa2cfeb,https://jm.linkedin.com/jobs/view/video-editor-at-talentpop-app-4434888357,Video Editor,TalentPop App,posted,2026-07-09T18:46:23.951090,191
8f90a8cf0a0cd263,https://jm.linkedin.com/jobs/view/video-editor-at-talentpop-app-4434884493,Video Editor,TalentPop App,scraped,2026-07-09T18:46:27.865146,
4a5f0586d50c5853,https://jm.linkedin.com/jobs/view/graphic-designer-at-talentpop-app-4434869903,Graphic Designer,TalentPop App,posted,2026-07-09T18:46:40.494721,197
45d9e105bbdaeca7,https://jm.linkedin.com/jobs/view/graphic-designer-at-talentpop-app-4434878628,Graphic Designer,TalentPop App,posted,2026-07-09T18:46:46.915049,197
fa48d013383c0492,https://jm.linkedin.com/jobs/view/graphic-designer-at-talentpop-app-4434876535,Graphic Designer,TalentPop App,posted,2026-07-09T18:46:53.444361,197
10d1e019a6e2c6da,https://jm.linkedin.com/jobs/view/customer-service-representative-at-talentpop-app-4434889313,Customer Service Representative,TalentPop App,posted,2026-07-09T18:46:59.708960,219
1eacf4fbbc6038b0,https://jm.linkedin.com/jobs/view/customer-service-representative-at-talentpop-app-4434883441,Customer Service Representative,TalentPop App,scraped,2026-07-09T18:47:03.783893,
f3b6784b813009dd,https://jm.linkedin.com/jobs/view/graphic-designers-video-editors-at-talentpop-app-4434882289,Graphic Designers/ Video Editors,TalentPop App,posted,2026-07-09T18:47:09.778460,253
afeb34b9ba0fd4ab,https://jm.linkedin.com/jobs/view/customer-and-sales-engagement-specialist-at-talentpop-app-4434883376,Customer and Sales Engagement Specialist,TalentPop App,posted,2026-07-09T18:47:17.261295,241
f94117a69da50b29,https://jm.linkedin.com/jobs/view/graphic-designers-video-editors-at-talentpop-app-4434888224,Graphic Designers/ Video Editors,TalentPop App,posted,2026-07-09T18:47:28.171871,253
a8399a7863fee928,https://jm.linkedin.com/jobs/view/graphic-designers-video-editors-at-talentpop-app-4434884398,Graphic Designers/ Video Editors,TalentPop App,posted,2026-07-09T18:47:36.732134,253
a2551a59cf503572,https://jm.linkedin.com/jobs/view/digital-marketing-assistant-at-talentpop-app-4434873855,Digital Marketing Assistant,TalentPop App,posted,2026-07-09T18:47:45.468151,229
d496964b5bf6e76c,https://jm.linkedin.com/jobs/view/graphic-designers-video-editors-at-talentpop-app-4434889303,Graphic Designers/ Video Editors,TalentPop App,posted,2026-07-09T18:47:53.532354,253
15150e8ba1e2c3fd,https://jm.linkedin.com/jobs/view/staff-auditor-kingston-office-at-crichtonmullings-associates-4438814570,Staff Auditor (Kingston office),,scraped,2026-07-09T23:59:30.461705,
a4ed4f1a024f6864,https://jm.linkedin.com/jobs/view/paralegal-at-digicel-group-4427388820,Paralegal,,scraped,2026-07-09T23:59:42.447740,
78cf3d235cf49a9b,https://jm.linkedin.com/jobs/view/customer-support-l2-project-freelance-project-at-meridial-marketplace-by-invisible-4318587802,Customer Support L2 Project - Freelance Project,"Meridial Marketplace, by Invisible",posted,2026-07-10T00:00:15.378743,303
6e10c50be540bd8f,https://jm.linkedin.com/jobs/view/social-media-and-content-intern-at-latinocircuit-tv-at-uci-oc-alliance-4437737730,Social Media and Content Intern at LatinoCircuit TV,UCI-OC Alliance,posted,2026-07-10T00:00:58.781915,305
5428789ff4b1fb20,https://jm.linkedin.com/jobs/view/video-editor-at-talentpop-app-4434892287,Video Editor,TalentPop App,posted,2026-07-10T00:01:10.461963,191
7f51ca1f7d1779b1,https://jm.linkedin.com/jobs/view/tiktok-influencer-marketing-assistant-at-talentpop-app-4434874689,TikTok Influencer Marketing Assistant,TalentPop App,posted,2026-07-10T00:01:26.194142,193
625e3add6b3944f2,https://jm.linkedin.com/jobs/view/video-editor-at-talentpop-app-4434878563,Video Editor,TalentPop App,posted,2026-07-10T00:01:31.651572,191
f9ecf2ab2aecfb97,https://jm.linkedin.com/jobs/view/video-editor-at-talentpop-app-4434887391,Video Editor,TalentPop App,scraped,2026-07-10T00:01:35.825817,
93e2d4e5a21044ee,https://jm.linkedin.com/jobs/view/data-entry-reporting-associate-at-talentpop-app-4434885346,Data Entry & Reporting Associate,TalentPop App,posted,2026-07-10T00:01:43.029322,187
4a06433b9f2bdbc6,https://jm.linkedin.com/jobs/view/customer-support-agent-at-talentpop-app-4434889351,Customer Support Agent,TalentPop App,posted,2026-07-10T00:02:18.271669,195
b944f4213bfe50e5,https://jm.linkedin.com/jobs/view/sales-and-marketing-manager-at-national-rums-of-jamaica-limited-4437878419,Sales and Marketing Manager,National Rums Of Jamaica Limited,posted,2026-07-10T00:02:38.321291,307
3a8ddc760e54d038,https://jm.linkedin.com/jobs/view/e-commerce-sales-specialist-at-talentpop-app-4435688040,E-Commerce Sales Specialist,TalentPop App,posted,2026-07-10T00:02:45.309390,297
4654d3d3cfbd3a1b,https://jm.linkedin.com/jobs/view/tiktok-influencer-marketing-assistant-at-talentpop-app-4434872591,TikTok Influencer Marketing Assistant,TalentPop App,posted,2026-07-10T00:02:52.162594,193
12768e1466bb8a50,https://jm.linkedin.com/jobs/view/e-commerce-sales-specialist-at-talentpop-app-4435688039,E-Commerce Sales Specialist,TalentPop App,posted,2026-07-10T00:02:57.095544,297
95dc31cb7ea8cb09,https://jm.linkedin.com/jobs/view/data-entry-reporting-associate-at-talentpop-app-4434877504,Data Entry & Reporting Associate,TalentPop App,posted,2026-07-10T00:03:19.991167,187
be692b0d27d4a05f,https://jm.linkedin.com/jobs/view/social-media-marketing-specialist-at-talentpop-app-4434871668,Social Media Marketing Specialist,TalentPop App,posted,2026-07-10T00:03:26.873580,213
369df81f4b5acec7,https://jm.linkedin.com/jobs/view/online-order-support-va-at-talentpop-app-4434892285,Online Order Support VA,TalentPop App,posted,2026-07-10T00:03:36.008840,227
ff9c87e2b09e4b18,https://jm.linkedin.com/jobs/view/e-commerce-sales-specialist-at-talentpop-app-4435667622,E-Commerce Sales Specialist,TalentPop App,posted,2026-07-10T00:03:41.437342,297
c2f5c23ea03c5caf,https://jm.linkedin.com/jobs/view/tiktok-influencer-marketing-assistant-at-talentpop-app-4434871664,TikTok Influencer Marketing Assistant,TalentPop App,posted,2026-07-10T00:03:46.618958,193
09cf9a833611011c,https://jm.linkedin.com/jobs/view/e-commerce-sales-specialist-at-talentpop-app-4435676287,E-Commerce Sales Specialist,TalentPop App,posted,2026-07-10T00:03:51.335179,297
65d389394a628f8e,https://jm.linkedin.com/jobs/view/digital-sales-support-representative-at-talentpop-app-4434876664,Digital Sales & Support Representative,TalentPop App,posted,2026-07-10T00:03:56.102499,221
6b4bf1c44cda0fe6,https://jm.linkedin.com/jobs/view/manufacturing-engineer-ii-at-skywater-search-partners-4438852012,Manufacturing Engineer II,SkyWater Search Partners,posted,2026-07-10T00:04:21.023741,309
b50e6d68e60e48bc,https://jm.linkedin.com/jobs/view/digital-marketing-assistant-at-talentpop-app-4434873810,Digital Marketing Assistant,TalentPop App,posted,2026-07-10T00:04:33.945245,229
80d42a5567d1e18c,https://jm.linkedin.com/jobs/view/customer-support-and-sales-specialist-at-talentpop-app-4435679205,Customer Support and Sales Specialist,TalentPop App,posted,2026-07-10T00:04:57.510731,293
d176e6c91345da31,https://jm.linkedin.com/jobs/view/e-commerce-sales-outreach-specialist-at-talentpop-app-4434889372,E-Commerce Sales Outreach Specialist,TalentPop App,posted,2026-07-10T00:05:02.498718,239
8e467f135a81f7b5,https://jm.linkedin.com/jobs/view/shopify-gorgias-customer-support-agent-at-talentpop-app-4435677284,Shopify/ Gorgias Customer Support Agent,TalentPop App,posted,2026-07-10T00:05:16.110395,299
83a235a487222aab,https://jm.linkedin.com/jobs/view/influencer-partnerships-specialist-remote-at-talentpop-app-4434876590,Influencer Partnerships Specialist (Remote),TalentPop App,posted,2026-07-10T00:05:22.935464,215
5a92d4e930e9ea6c,https://jm.linkedin.com/jobs/view/customer-service-representative-at-talentpop-app-4434877536,Customer Service Representative,TalentPop App,posted,2026-07-10T00:05:41.679178,219
3d72593288762db4,https://jm.linkedin.com/jobs/view/customer-and-sales-engagement-specialist-at-talentpop-app-4434892194,Customer and Sales Engagement Specialist,TalentPop App,posted,2026-07-10T00:05:46.672965,241
c740d02ff528b881,https://jm.linkedin.com/jobs/view/customer-and-sales-engagement-specialist-at-talentpop-app-4434883348,Customer and Sales Engagement Specialist,TalentPop App,posted,2026-07-10T00:05:53.523581,241
9b7fb87859619348,https://jm.linkedin.com/jobs/view/e-commerce-sales-specialist-at-talentpop-app-4435673390,E-Commerce Sales Specialist,TalentPop App,posted,2026-07-10T00:06:10.946348,297
1472a889396aed4e,https://jm.linkedin.com/jobs/view/customer-support-and-sales-specialist-at-talentpop-app-4435675309,Customer Support and Sales Specialist,TalentPop App,posted,2026-07-10T00:06:16.213916,293
5337b0611d84e448,https://jm.linkedin.com/jobs/view/affiliate-marketing-coordinator-at-talentpop-app-4434873716,Affiliate Marketing Coordinator,TalentPop App,posted,2026-07-10T00:06:21.140466,217
5ffcbca06fe63848,https://jm.linkedin.com/jobs/view/customer-service-representative-at-talentpop-app-4434875570,Customer Service Representative,TalentPop App,posted,2026-07-10T00:06:28.001609,219
c73580e1d8a05019,https://jm.linkedin.com/jobs/view/e-commerce-sales-outreach-specialist-at-talentpop-app-4434892253,E-Commerce Sales Outreach Specialist,TalentPop App,posted,2026-07-10T00:06:33.088601,239
3c92b32c45a4bb33,https://jm.linkedin.com/jobs/view/customer-and-sales-engagement-specialist-at-talentpop-app-4434875580,Customer and Sales Engagement Specialist,TalentPop App,posted,2026-07-10T00:07:04.371060,241
288da57f352e4b75,https://jm.linkedin.com/jobs/view/virtual-revenue-closing-expert-at-talentpop-app-4434889437,Virtual Revenue Closing Expert,TalentPop App,posted,2026-07-10T00:07:09.350550,205
f699e8a2a9321b7b,https://jm.linkedin.com/jobs/view/senior-wealth-advisor-st-jago-at-national-commercial-bank-jamaica-limited-ncb-4438827350,Senior Wealth Advisor - St. Jago,,scraped,2026-07-10T00:07:12.011981,
8a823583c76ca399,https://jm.linkedin.com/jobs/view/customer-and-sales-engagement-specialist-at-talentpop-app-4434890317,Customer and Sales Engagement Specialist,TalentPop App,posted,2026-07-10T00:07:22.693887,241
4bc712033e946977,https://jm.linkedin.com/jobs/view/customer-and-sales-engagement-specialist-at-talentpop-app-4434872641,Customer and Sales Engagement Specialist,TalentPop App,scraped,2026-07-10T00:07:26.717462,
63f993ba2ac268a4,https://jm.linkedin.com/jobs/view/customer-service-representative-at-talentpop-app-4434886420,Customer Service Representative,TalentPop App,posted,2026-07-10T00:07:31.503996,219
d2923dc3a3d5f977,https://jm.linkedin.com/jobs/view/customer-service-representative-at-talentpop-app-4434876554,Customer Service Representative,TalentPop App,scraped,2026-07-10T00:07:35.675374,
f14ba3ba93d5f0e9,https://jm.linkedin.com/jobs/view/management-sales-training-program-at-sherwin-williams-4437415385,Management & Sales Training Program,Sherwin-Williams,posted,2026-07-10T00:07:44.292629,311
37e16cc8e659afbf,https://jm.linkedin.com/jobs/view/sales-support-va-at-talentpop-app-4434875528,Sales & Support VA,TalentPop App,posted,2026-07-10T00:07:49.192935,237
0b2c094800b49a93,https://jm.linkedin.com/jobs/view/graphic-designer-at-talentpop-app-4434887492,Graphic Designer,TalentPop App,posted,2026-07-10T00:07:54.387525,197
fc79261d4cc80e75,https://jm.linkedin.com/jobs/view/customer-support-and-sales-specialist-at-talentpop-app-4435675308,Customer Support and Sales Specialist,TalentPop App,posted,2026-07-10T00:08:01.424453,293
9bc82ec352fd92e0,https://jm.linkedin.com/jobs/view/e-commerce-sales-outreach-specialist-at-talentpop-app-4434879576,E-Commerce Sales Outreach Specialist,TalentPop App,posted,2026-07-10T00:08:16.504899,239
651f3ad11fc6ab42,https://jm.linkedin.com/jobs/view/cash-bank-application-analyst-at-digicel-group-4426851988,Cash & Bank Application Analyst,,scraped,2026-07-10T00:08:19.135497,
0c113d91b18a71ca,https://jm.linkedin.com/jobs/view/idb-lab-private-finance-operations-senior-specialist-or-specialist-venture-capital-investments-at-inter-american-development-bank-4427301032,IDB Lab - Private Finance Operations Senior Specialist or Specialist (Venture Capital Investments),Inter-American Development Bank,posted,2026-07-10T00:08:39.112690,313
76c4d95b0621a67c,https://jm.linkedin.com/jobs/view/custodian-at-crunch-fitness-fit-fusion-llc-4439044165,Custodian,"Crunch Fitness - Fit Fusion, LLC",posted,2026-07-10T11:27:35.403234,315
e18385aab55402d5,https://jm.linkedin.com/jobs/view/project-officer-%E2%80%93-kingston-at-the-tourism-product-development-company-limited-4439002399,Project Officer – Kingston,,scraped,2026-07-10T11:27:38.093430,
42d466a415a8be95,https://jm.linkedin.com/jobs/view/delivery-driver-assistant-may-pen-clarendon-at-sherwin-williams-4438657840,"Delivery Driver Assistant - May Pen, Clarendon",Sherwin-Williams,posted,2026-07-10T11:28:10.070238,317
b1e57d39b6fb0c5b,https://jm.linkedin.com/jobs/view/content-manager-webmaster-at-jm-promotions-4438274309,Content manager/webmaster,,scraped,2026-07-10T11:28:26.609829,
ee9b791ec7b161b0,https://jm.linkedin.com/jobs/view/operations-manager-%E2%80%93-portland-at-the-tourism-product-development-company-limited-4439005340,Operations Manager – Portland,,scraped,2026-07-10T11:28:37.432001,
4cb88e6808d305cf,https://jm.linkedin.com/jobs/view/food-and-beverage-assistant-manager-at-the-palace-company-4438647518,Food And Beverage Assistant Manager,The Palace Company,posted,2026-07-10T11:29:16.551281,319
66552efb6273ef54,https://jm.linkedin.com/jobs/view/new-vacancies-alert-l1-and-senior-support-engineer-at-resolveit-limited-4436791725,NEW VACANCIES ALERT- L1 and Senior Support Engineer,,scraped,2026-07-10T11:29:25.196427,
08fb05439f6237ff,https://jm.linkedin.com/jobs/view/product-quality-officer-%E2%80%93-montego-bay-at-the-tourism-product-development-company-limited-4439005341,Product Quality Officer – Montego Bay,,scraped,2026-07-10T11:29:37.073639,
62c9eeb6810e3d86,https://jm.linkedin.com/jobs/view/journeyman-electrician-fly-in-fly-out-at-ptw-energy-services-4437918268,Journeyman Electrician - Fly in Fly Out,,scraped,2026-07-10T11:29:44.126623,
f693a4e03cd17866,https://jm.linkedin.com/jobs/view/information-technology-procurement-administrator-at-sterling-carter-technology-distributors-4438892840,Information Technology Procurement Administrator,,scraped,2026-07-10T11:30:01.192627,
ffe1df98b3bd6583,https://jm.linkedin.com/jobs/view/tiktok-influencer-marketing-assistant-at-talentpop-app-4434881342,TikTok Influencer Marketing Assistant,TalentPop App,posted,2026-07-10T11:30:14.243445,193
01f49ddcc24f6304,https://jm.linkedin.com/jobs/view/video-editor-at-talentpop-app-4434871762,Video Editor,TalentPop App,posted,2026-07-10T11:30:31.179941,191
2856498529563526,https://jm.linkedin.com/jobs/view/shopify-gorgias-customer-support-agent-at-talentpop-app-4435671367,Shopify/ Gorgias Customer Support Agent,TalentPop App,posted,2026-07-10T11:30:39.723218,299
bdc6d0afc434281d,https://jm.linkedin.com/jobs/view/seo-assistant-at-talentpop-app-4434880524,SEO Assistant,TalentPop App,posted,2026-07-10T11:30:44.829435,209
6b471cd154446d88,https://jm.linkedin.com/jobs/view/e-commerce-operations-assistant-shopify-%E2%80%93-remote-at-talentpop-app-4434875530,E-Commerce Operations Assistant (Shopify) – Remote,TalentPop App,posted,2026-07-10T11:31:04.648397,249
3dfcff2cf3ea0230,https://jm.linkedin.com/jobs/view/seo-assistant-at-talentpop-app-4434876689,SEO Assistant,TalentPop App,posted,2026-07-10T11:31:11.857676,209
7b90ba22de9e7ddb,https://jm.linkedin.com/jobs/view/seo-assistant-at-talentpop-app-4434878598,SEO Assistant,TalentPop App,posted,2026-07-10T11:31:21.298171,209
1c5baeb45f7e7c62,https://jm.linkedin.com/jobs/view/product-design-assistant-at-talentpop-app-4434881574,Product Design Assistant,TalentPop App,posted,2026-07-10T11:31:46.491740,251
9d132f0a8b8f1eb2,https://jm.linkedin.com/jobs/view/product-design-assistant-at-talentpop-app-4434892148,Product Design Assistant,TalentPop App,posted,2026-07-10T11:31:51.641418,251
94514d7843502288,https://jm.linkedin.com/jobs/view/seo-growth-assistant-remote-at-talentpop-app-4434892312,SEO & Growth Assistant (Remote),TalentPop App,posted,2026-07-10T11:32:04.982038,207
fae152308f0dad40,https://jm.linkedin.com/jobs/view/affiliate-marketing-coordinator-at-talentpop-app-4434873821,Affiliate Marketing Coordinator,TalentPop App,posted,2026-07-10T11:32:12.495947,217
e15e0b3e918fe83d,https://jm.linkedin.com/jobs/view/virtual-revenue-closing-expert-at-talentpop-app-4434870858,Virtual Revenue Closing Expert,TalentPop App,posted,2026-07-10T11:32:22.922445,205
738fdf0fc20b82d8,https://jm.linkedin.com/jobs/view/assistant-vice-president-corporate-and-investment-banking-at-barita-investments-ltd-4435947550,"Assistant Vice President, Corporate and Investment Banking",,scraped,2026-07-10T11:32:39.621443,
328ebf3c89e26040,https://jm.linkedin.com/jobs/view/amazon-va-at-talentpop-app-4434872590,Amazon VA,TalentPop App,posted,2026-07-10T11:33:01.953372,211
e10c19bcfdf620d2,https://jm.linkedin.com/jobs/view/email-marketing-assistant-at-talentpop-app-4434886480,Email Marketing Assistant,TalentPop App,posted,2026-07-10T11:33:08.488448,223
270aa78f02e6ebcb,https://jm.linkedin.com/jobs/view/future-opening-assistant-personal-training-manager-at-crunch-fitness-fit-fusion-llc-4439037396,Future Opening: Assistant Personal Training Manager,"Crunch Fitness - Fit Fusion, LLC",posted,2026-07-10T11:33:28.096896,321
1519527f1e65522a,https://jm.linkedin.com/jobs/view/strategic-client-executive-at-fujitsu-4438850690,Strategic Client Executive,,scraped,2026-07-10T11:33:30.703917,
d46ebb47842ee8f1,https://jm.linkedin.com/jobs/view/mystery-shopper-for-hotels-at-guest-delight-international-gdi-4437962020,Mystery Shopper for Hotels,,scraped,2026-07-10T11:33:38.025946,
f1d55e723a629847,https://jm.linkedin.com/jobs/view/sales-support-rep-%E2%80%93-email-chat-remote-at-talentpop-app-4435674346,Sales Support Rep – Email & Chat (Remote),TalentPop App,posted,2026-07-10T11:33:48.788927,295
8d5f0e89d15e46e6,https://jm.linkedin.com/jobs/view/external-business-connector-%E2%80%93-solar-energy-projects-at-kaya-energy-group-4438257956,External Business Connector – Solar Energy Projects,,scraped,2026-07-10T11:34:01.362470,
0df9d4f9292bf2b0,https://jm.linkedin.com/jobs/view/influencer-partnerships-specialist-remote-at-talentpop-app-4434892218,Influencer Partnerships Specialist (Remote),TalentPop App,posted,2026-07-10T11:34:12.155483,215
a1cd2c9d301aa816,https://jm.linkedin.com/jobs/view/customer-service-representative-at-talentpop-app-4434874730,Customer Service Representative,TalentPop App,posted,2026-07-10T11:34:19.346727,219
e324926ccfdb6337,https://jm.linkedin.com/jobs/view/customer-service-representative-at-talentpop-app-4434880384,Customer Service Representative,TalentPop App,scraped,2026-07-10T11:34:23.345150,
baeef185136eaa2d,https://jm.linkedin.com/jobs/view/product-design-assistant-at-talentpop-app-4434880453,Product Design Assistant,TalentPop App,posted,2026-07-10T11:35:02.811042,251
7336ad527bd8404c,https://jm.linkedin.com/jobs/view/sales-support-va-at-talentpop-app-4434871611,Sales & Support VA,TalentPop App,posted,2026-07-10T11:35:14.439098,237
1f28b91022a0b15c,https://jm.linkedin.com/jobs/view/product-design-assistant-at-talentpop-app-4434871631,Product Design Assistant,TalentPop App,posted,2026-07-10T11:35:19.270743,251
c1e1a4cb23baf2dd,https://jm.linkedin.com/jobs/view/customer-service-representative-at-talentpop-app-4434871730,Customer Service Representative,TalentPop App,posted,2026-07-10T11:35:24.769422,219
cde01fed3e8c98d0,https://jm.linkedin.com/jobs/view/product-design-assistant-at-talentpop-app-4434875561,Product Design Assistant,TalentPop App,posted,2026-07-10T11:35:41.670483,251
4b2cdf9d58d2be74,https://jm.linkedin.com/jobs/view/e-commerce-sales-specialist-at-talentpop-app-4435686101,E-Commerce Sales Specialist,TalentPop App,posted,2026-07-10T11:35:53.317545,297
d423a6d69743a5d0,https://jm.linkedin.com/jobs/view/e-commerce-sales-specialist-at-talentpop-app-4435686108,E-Commerce Sales Specialist,TalentPop App,posted,2026-07-10T11:36:00.320199,297
16d31a0cafb6d64c,https://jm.linkedin.com/jobs/view/affiliate-marketing-coordinator-at-talentpop-app-4434889360,Affiliate Marketing Coordinator,TalentPop App,posted,2026-07-10T11:36:07.420562,217
3fdf41e443a7ef4f,https://jm.linkedin.com/jobs/view/business-development-manager-at-integrity360-4436268038,Business Development Manager,,scraped,2026-07-10T11:36:24.123232,
2d56cbc0e5881ff9,https://jm.linkedin.com/jobs/view/affiliate-marketing-coordinator-at-talentpop-app-4434871767,Affiliate Marketing Coordinator,TalentPop App,posted,2026-07-10T11:36:34.257340,217
e7e67d8e7bf07e81,https://jm.linkedin.com/jobs/view/shopify-gorgias-customer-support-agent-at-talentpop-app-4435672382,Shopify/ Gorgias Customer Support Agent,TalentPop App,posted,2026-07-10T11:36:41.165086,299
641a12f31d9c3048,https://jm.linkedin.com/jobs/view/member-services-representative-at-crunch-fitness-fit-fusion-llc-4439031587,Member Services Representative,"Crunch Fitness - Fit Fusion, LLC",posted,2026-07-10T11:37:13.901255,323
9b58b05b15e3604d,https://jm.linkedin.com/jobs/view/automotive-mobile-adas-technician-at-gerber-collision-glass-4437950029,Automotive Mobile ADAS Technician,Gerber Collision &amp; Glass,posted,2026-07-10T11:37:41.376900,325
bcfa0c862bd5e002,https://jm.linkedin.com/jobs/view/part-time-airport-agent-kingston-kin-at-american-airlines-4435928007,"Part Time Airport Agent, Kingston KIN",American Airlines,posted,2026-07-10T18:16:26.385820,327
bd497f1431a2b6d4,https://jm.linkedin.com/jobs/view/content-creator-social-media-at-renata-fine-arts-4438316475,"Content Creator, Social Media",Renata Fine Arts,posted,2026-07-10T18:16:51.634326,329
3ac79df6a28aaa51,https://jm.linkedin.com/jobs/view/general-manager-human-resource-development-administration-at-development-bank-of-jamaica-limited-4438646261,"General Manager, Human Resource Development & Administration",,scraped,2026-07-10T18:16:56.302033,
172098691f3ec8f9,https://jm.linkedin.com/jobs/view/administrative-assistant-2-%E2%80%93-destination-assurance-%E2%80%93-south-coast-at-the-tourism-product-development-company-limited-4438893988,Administrative Assistant 2 – Destination Assurance – South Coast,,scraped,2026-07-10T18:17:02.733485,
e87fc47fdacf399a,https://jm.linkedin.com/jobs/view/all-jobs-at-expat-shield-insurance-solutions-in-thailand-that%E2%80%99s-chubb-life-4439055292,All Jobs,,scraped,2026-07-10T23:34:58.088703,
de185166576dd399,https://jm.linkedin.com/jobs/view/lubricant-coordinator-at-totalenergies-4439323878,LUBRICANT COORDINATOR,,scraped,2026-07-10T23:35:14.096913,
9dc32b87b4072a22,https://jm.linkedin.com/jobs/view/facility-supervisor-at-crunch-fitness-fit-fusion-llc-4439028612,Facility Supervisor,"Crunch Fitness - Fit Fusion, LLC",posted,2026-07-10T23:35:31.706871,331
2a7ba6512fbbf5ca,https://jm.linkedin.com/jobs/view/young-graduate-program-iberostar-beachfront-resorts-jamaica-at-iberostar-hotels-resorts-4434509590,Young Graduate Program -  Iberostar Beachfront Resorts Jamaica,,scraped,2026-07-10T23:35:44.276271,
46e163ae5baf6b8e,https://jm.linkedin.com/jobs/view/accounting-services-associate-iv-at-conduent-4438534865,Accounting Services Associate IV,Conduent,posted,2026-07-10T23:36:13.001636,45
94b02529a30f72d4,https://jm.linkedin.com/jobs/view/accounting-services-associate-iii-at-conduent-4429768664,Accounting Services Associate III,Conduent,posted,2026-07-10T23:36:22.292706,153
2f7af2b6e832dfdc,https://jm.linkedin.com/jobs/view/jd-sports-recrute-%21-at-coeur-de-jaures-4438372239,JD Sports recrute !,,scraped,2026-07-10T23:36:24.894402,
407f88069745b5a1,https://jm.linkedin.com/jobs/view/merchandiser-supervisor-at-gdi-distributors-2012-ltd-4437723006,Merchandiser Supervisor,,scraped,2026-07-10T23:36:49.192966,
0f2e21bed3686b30,https://jm.linkedin.com/jobs/view/ramp-agent-at-grupo-eulen-usa-4436603733,Ramp Agent,GRUPO EULEN USA,posted,2026-07-10T23:37:19.137446,333
b94f6fb6c67c6f1f,https://jm.linkedin.com/jobs/view/sales-trainer-at-centerfield-4413617654,Sales Trainer,Centerfield,posted,2026-07-10T23:37:32.268814,275
07e8e538f6c21e3b,https://jm.linkedin.com/jobs/view/project-manager-1-at-digicel-group-4436620523,Project Manager 1,,scraped,2026-07-10T23:37:34.915094,
2726318109d8bff7,https://jm.linkedin.com/jobs/view/customer-experience-associate-ii-at-conduent-4437864015,Customer Experience Associate II,Conduent,posted,2026-07-10T23:38:11.955178,335
1edafd7df5c522ca,https://jm.linkedin.com/jobs/view/office-attendant-%E2%80%93-ocho-rios-at-the-tourism-product-development-company-limited-4438892964,Office Attendant – Ocho Rios,,scraped,2026-07-10T23:38:14.531749,
4d88adb7097e21ed,https://jm.linkedin.com/jobs/view/customer-and-sales-engagement-specialist-at-talentpop-app-4434876639,Customer and Sales Engagement Specialist,TalentPop App,posted,2026-07-10T23:38:36.980524,241
fc2c96aa1e1d9a0e,https://jm.linkedin.com/jobs/view/affiliate-marketing-coordinator-at-talentpop-app-4434869926,Affiliate Marketing Coordinator,TalentPop App,posted,2026-07-10T23:38:50.379491,217
17e046db55f880b3,https://jm.linkedin.com/jobs/view/graphic-designer-at-talentpop-app-4434873809,Graphic Designer,TalentPop App,posted,2026-07-10T23:39:07.548585,197
fa7a955c2415f66c,https://jm.linkedin.com/jobs/view/mortgage-underwriter-freelance-ai-trainer-at-mindrift-4438197619,Mortgage Underwriter - Freelance AI Trainer,Mindrift,posted,2026-07-10T23:39:22.491982,337
3975d6dc7b53efae,https://jm.linkedin.com/jobs/view/chatbot-developer-whatsapp-telegram-discord-freelance-at-mindrift-4439309966,"Chatbot Developer (WhatsApp, Telegram, Discord) - Freelance",Mindrift,posted,2026-07-10T23:39:41.913457,339
be42fed525ec911c,https://jm.linkedin.com/jobs/view/director-of-nutrition-services-at-opaa%21-food-management-4438361573,Director of Nutrition Services,Opaa! Food Management,posted,2026-07-10T23:39:54.996619,341
c914384044b70b00,https://jm.linkedin.com/jobs/view/customer-support-and-sales-specialist-at-talentpop-app-4435681157,Customer Support and Sales Specialist,TalentPop App,posted,2026-07-10T23:40:00.275486,293
e74f625f088762b8,https://jm.linkedin.com/jobs/view/seo-growth-assistant-remote-at-talentpop-app-4434884249,SEO & Growth Assistant (Remote),TalentPop App,posted,2026-07-10T23:40:17.985199,207
a32e246488cd1017,https://jm.linkedin.com/jobs/view/e-commerce-operations-assistant-shopify-%E2%80%93-remote-at-talentpop-app-4434889290,E-Commerce Operations Assistant (Shopify) – Remote,TalentPop App,posted,2026-07-10T23:40:25.269890,249
6f7fa1dab0231fb0,https://jm.linkedin.com/jobs/view/field-hardware-technician-at-express-fitness-limited-4439082912,Field Hardware Technician,,scraped,2026-07-10T23:40:47.864935,
b5ca9075d0f00fa4,https://jm.linkedin.com/jobs/view/video-editor-at-talentpop-app-4434869924,Video Editor,TalentPop App,posted,2026-07-10T23:41:05.311671,191
d30044fed4b57d15,https://jm.linkedin.com/jobs/view/digital-sales-support-representative-at-talentpop-app-4434890286,Digital Sales & Support Representative,TalentPop App,posted,2026-07-10T23:41:16.331175,221
667b681f30027c90,https://jm.linkedin.com/jobs/view/digital-sales-support-representative-at-talentpop-app-4434879424,Digital Sales & Support Representative,TalentPop App,scraped,2026-07-10T23:41:20.351759,
55ef446a7d446218,https://jm.linkedin.com/jobs/view/delivery-partner-flow-team-water-recycling-at-anglian-water-services-4436636167,Delivery Partner- Flow Team ( Water Recycling),Anglian Water Services,posted,2026-07-10T23:41:46.562721,343
fbaaf8b441ab0750,https://jm.linkedin.com/jobs/view/shopify-gorgias-customer-support-agent-at-talentpop-app-4435672402,Shopify/ Gorgias Customer Support Agent,TalentPop App,posted,2026-07-10T23:42:02.978882,299
07658000a53ce0c8,https://jm.linkedin.com/jobs/view/seo-assistant-at-talentpop-app-4434881541,SEO Assistant,TalentPop App,posted,2026-07-10T23:42:21.050787,209
654a138726f04428,https://jm.linkedin.com/jobs/view/sales-support-rep-%E2%80%93-email-chat-remote-at-talentpop-app-4435671363,Sales Support Rep – Email & Chat (Remote),TalentPop App,posted,2026-07-10T23:42:29.646751,295
91a79bfc0e1aec40,https://jm.linkedin.com/jobs/view/virtual-revenue-closing-expert-at-talentpop-app-4434886478,Virtual Revenue Closing Expert,TalentPop App,posted,2026-07-10T23:42:38.644720,205
07b65eede4c6ced2,https://jm.linkedin.com/jobs/view/shopify-gorgias-customer-support-agent-at-talentpop-app-4435682145,Shopify/ Gorgias Customer Support Agent,TalentPop App,posted,2026-07-10T23:43:01.446869,299
46c061cc0c935fb9,https://jm.linkedin.com/jobs/view/customer-service-representative-at-talentpop-app-4434889280,Customer Service Representative,TalentPop App,posted,2026-07-10T23:43:06.736884,219
1022b2951ee364ce,https://jm.linkedin.com/jobs/view/customer-service-representative-at-talentpop-app-4434873692,Customer Service Representative,TalentPop App,scraped,2026-07-10T23:43:10.650134,
72a791274247565d,https://jm.linkedin.com/jobs/view/data-entry-reporting-associate-at-talentpop-app-4434888283,Data Entry & Reporting Associate,TalentPop App,posted,2026-07-10T23:43:18.469853,187
4731eb4cc9e4f5a6,https://jm.linkedin.com/jobs/view/tiktok-influencer-marketing-assistant-at-talentpop-app-4434880373,TikTok Influencer Marketing Assistant,TalentPop App,posted,2026-07-10T23:43:30.653315,193
3e51ab4c124b4d25,https://jm.linkedin.com/jobs/view/social-media-marketing-specialist-at-talentpop-app-4434878537,Social Media Marketing Specialist,TalentPop App,posted,2026-07-10T23:43:42.876164,213
0f380941e257fe1b,https://jm.linkedin.com/jobs/view/sales-support-rep-%E2%80%93-email-chat-remote-at-talentpop-app-4435685107,Sales Support Rep – Email & Chat (Remote),TalentPop App,posted,2026-07-10T23:43:57.224318,295
f9e5575fc35fee29,https://jm.linkedin.com/jobs/view/trade-merchandiser-delivery-driver-4438521563,Trade Merchandiser & Delivery Driver,Baltic Enterprise Ltd.,posted,2026-07-10T23:44:45.615839,345
1307f7d1c156ae5c,https://jm.linkedin.com/jobs/view/sales-support-specialist-at-optimum-4438842612,Sales Support Specialist,Optimum,posted,2026-07-10T23:44:59.188277,347
427fe2ec3b7d1d95,https://jm.linkedin.com/jobs/view/digital-sales-support-representative-at-talentpop-app-4434883485,Digital Sales & Support Representative,TalentPop App,posted,2026-07-10T23:45:26.139807,221
a3578dee2bb789bf,https://jm.linkedin.com/jobs/view/digital-sales-support-representative-at-talentpop-app-4434870778,Digital Sales & Support Representative,TalentPop App,scraped,2026-07-10T23:45:30.148361,
5a1b0fa8b374eb66,https://jm.linkedin.com/jobs/view/senior-python-data-scraping-engineer-freelance-at-mindrift-4438603489,Senior Python Data Scraping Engineer (Freelance),Mindrift,posted,2026-07-10T23:45:42.428034,349
8ed1711e9f18d27f,https://jm.linkedin.com/jobs/view/operador-a-de-planta-%E2%80%93-trigeneraci%C3%B3n-caribe-at-estel-ingenier%C3%ADa-y-obras-s-a-4438312266,Operador/a de Planta – Trigeneración (Caribe),,scraped,2026-07-10T23:45:51.026047,
158ad8a47fb02966,https://jm.linkedin.com/jobs/view/project-support-associate-at-wisdomphilanthropy-4439349976,Project Support Associate,WisdomPhilanthropy,posted,2026-07-10T23:46:16.832658,351
b003f09132765652,https://jm.linkedin.com/jobs/view/optometrist-at-pricesmart-4436614634,Optometrist,PriceSmart,posted,2026-07-10T23:46:38.141569,353
43b069f0d1a39fef,https://jm.linkedin.com/jobs/view/cabin-agent-jm-at-grupo-eulen-usa-4435991959,Cabin Agent JM,GRUPO EULEN USA,posted,2026-07-11T07:30:20.627926,355
a751302eb5c03363,https://jm.linkedin.com/jobs/view/client-relationship-officer-government-at-sagicor-group-jamaica-limited-4439378799,Client Relationship Officer - Government,,scraped,2026-07-11T07:30:27.317344,
fb2565d17ff0e525,https://jm.linkedin.com/jobs/view/care-assistant-at-carebase-4438900919,Care Assistant,,scraped,2026-07-11T07:30:48.419562,
1b3cdbc2395f9672,https://jm.linkedin.com/jobs/view/client-services-representative-remote-at-aspire-talent-agency-4436890398,Client Services Representative (Remote),Aspire Talent Agency,posted,2026-07-11T07:31:29.296430,357
9e9db20705013b1c,https://jm.linkedin.com/jobs/view/senior-manager-human-resources-at-cos%C3%A1n-group-4436600867,"Senior Manager, Human Resources",Cosán Group,posted,2026-07-11T07:31:56.433541,359
a5da4512aff92461,https://jm.linkedin.com/jobs/view/influencer-outreach-specialist-remote-full-time-at-talentpop-app-4434880571,Influencer Outreach Specialist (Remote | Full-Time),TalentPop App,posted,2026-07-11T07:32:17.547591,203
afe5523421c21d30,https://jm.linkedin.com/jobs/view/executive-assistant-to-founder-%E2%80%94-cannabis-media-events-at-sovereign-city-entertainment-4439085442,"Executive Assistant to Founder — Cannabis, Media & Events",,scraped,2026-07-11T07:32:46.086462,
581a5d8866635335,https://jm.linkedin.com/jobs/view/customer-service-representative-at-talentpop-app-4434879501,Customer Service Representative,TalentPop App,posted,2026-07-11T07:33:01.995630,219
4ee22bf5280934a0,https://jm.linkedin.com/jobs/view/customer-service-representative-at-talentpop-app-4434873646,Customer Service Representative,TalentPop App,posted,2026-07-11T07:33:25.839003,219
57671f14b191cdd6,https://jm.linkedin.com/jobs/view/video-editor-at-talentpop-app-4434873689,Video Editor,TalentPop App,posted,2026-07-11T07:33:30.772962,191
4eb4af5cea322748,https://jm.linkedin.com/jobs/view/tiktok-influencer-marketing-assistant-at-talentpop-app-4434869816,TikTok Influencer Marketing Assistant,TalentPop App,posted,2026-07-11T07:33:35.654767,193
7a8b1f1f2621e691,https://jm.linkedin.com/jobs/view/customer-support-and-sales-specialist-at-talentpop-app-4435670412,Customer Support and Sales Specialist,TalentPop App,posted,2026-07-11T07:33:46.522240,293
f7d3a600fbfa344d,https://jm.linkedin.com/jobs/view/tiktok-influencer-marketing-assistant-at-talentpop-app-4434876615,TikTok Influencer Marketing Assistant,TalentPop App,posted,2026-07-11T07:33:53.937880,193
e405cec4805c6091,https://jm.linkedin.com/jobs/view/social-media-marketing-specialist-at-talentpop-app-4434871741,Social Media Marketing Specialist,TalentPop App,posted,2026-07-11T07:34:17.454300,213
2d1edd343b2ca736,https://jm.linkedin.com/jobs/view/sales-administrative-assistant-at-a-virtual-assistant-4-u-4439073502,Sales Administrative Assistant,A Virtual Assistant 4 U,posted,2026-07-11T07:34:43.201926,361
fd1f3c2973bf8d03,https://jm.linkedin.com/jobs/view/vacancies-not-yet-filled-presales-and-sales-admin-at-resolveit-limited-4439341065,Vacancies not yet filled. Presales and Sales Admin,,scraped,2026-07-11T07:34:47.812528,
300c744124d50149,https://jm.linkedin.com/jobs/view/freelance-graphic-designer-at-design-squared-4439399164,Freelance Graphic Designer,Design Squared,posted,2026-07-11T07:35:24.383429,363
9e45169f1128ee9a,https://jm.linkedin.com/jobs/view/shopify-gorgias-customer-support-agent-at-talentpop-app-4435671377,Shopify/ Gorgias Customer Support Agent,TalentPop App,posted,2026-07-11T07:35:40.147343,299
26834e32f657c038,https://jm.linkedin.com/jobs/view/werkstudent-at-oberwelf-agentur-4437972221,Werkstudent,,scraped,2026-07-11T07:35:50.751802,
06468a845290e289,https://jm.linkedin.com/jobs/view/amazon-va-at-talentpop-app-4434870785,Amazon VA,TalentPop App,posted,2026-07-11T07:37:11.757433,211
babbb58fa8035fa9,https://jm.linkedin.com/jobs/view/voice-support-agent-high-call-volume-at-influx-4435984904,Voice Support Agent - High Call Volume,,scraped,2026-07-11T07:37:22.403669,
e72243a74ded058c,https://jm.linkedin.com/jobs/view/legal-verification-specialist-at-prime-travelers-club-4439362583,Legal Verification Specialist,Prime Travelers Club,posted,2026-07-11T07:37:37.576424,365
e6a7b771d42bd663,https://jm.linkedin.com/jobs/view/senior-claims-negotiator-at-gallagher-4430753730,Senior Claims Negotiator,Gallagher,posted,2026-07-11T07:39:03.785088,367
49c5c8b7d20fe9b4,https://jm.linkedin.com/jobs/view/wellness-support-officer-at-sagicor-group-jamaica-limited-4439383644,Wellness Support Officer,,scraped,2026-07-11T11:38:17.256286,
6d28e1909b606fd4,https://jm.linkedin.com/jobs/view/client-relationship-assistant-contract-at-sagicor-group-jamaica-limited-4439389250,Client Relationship Assistant (Contract),,scraped,2026-07-11T11:38:30.663119,
34ead5e26f63dcda,https://jm.linkedin.com/jobs/view/deputy-chief-executive-officer-deputy-ceo-at-thehivecareers-4437941616,Deputy Chief Executive Officer (Deputy CEO),TheHiveCareers,posted,2026-07-11T11:39:06.437718,369
8a05e03d3f8e8a5c,https://jm.linkedin.com/jobs/view/design-internship-at-danger-zone-marketing-4439015130,Design Internship,Danger Zone Marketing,posted,2026-07-11T11:39:30.387204,371
5c640aeda030200c,https://jm.linkedin.com/jobs/view/sales-support-rep-%E2%80%93-email-chat-remote-at-talentpop-app-4435678198,Sales Support Rep – Email & Chat (Remote),TalentPop App,posted,2026-07-11T11:39:37.793597,295
43a5489f5101da52,https://jm.linkedin.com/jobs/view/sales-support-rep-%E2%80%93-email-chat-remote-at-talentpop-app-4435685113,Sales Support Rep – Email & Chat (Remote),TalentPop App,posted,2026-07-11T11:40:06.530313,295
2241e34ee7450430,https://jm.linkedin.com/jobs/view/response-coordinator-at-happy-hearts-fund-now-all-hands-and-hearts-smart-response-4434893506,RESPONSE COORDINATOR,Happy Hearts Fund (Now All Hands and Hearts - Smart Response),posted,2026-07-11T11:41:05.574286,373
126a9719e7720cbf,https://jm.linkedin.com/jobs/view/business-development-specialist-at-club-feast-4436632862,Business Development Specialist,Club Feast,posted,2026-07-11T11:42:03.183201,375
e9d9aff148ea55f1,https://jm.linkedin.com/jobs/view/amazon-va-at-talentpop-app-4434881364,Amazon VA,TalentPop App,failed|wp_post_failed,2026-07-11T11:43:49.203775,
e8f9744b675a78bd,https://jm.linkedin.com/jobs/view/product-design-assistant-at-talentpop-app-4434891288,Product Design Assistant,TalentPop App,failed|wp_post_failed,2026-07-11T11:44:33.890776,
b6cf989dbcaf6427,https://jm.linkedin.com/jobs/view/shopify-gorgias-customer-support-agent-at-talentpop-app-4435674348,Shopify/ Gorgias Customer Support Agent,TalentPop App,failed|wp_post_failed,2026-07-11T11:47:04.326522,
53bf6fbfd86083fb,https://jm.linkedin.com/jobs/view/shopify-gorgias-customer-support-agent-at-talentpop-app-4435682152,Shopify/ Gorgias Customer Support Agent,TalentPop App,failed|wp_post_failed,2026-07-11T11:47:17.827042,
7d2502afa54ab701,https://jm.linkedin.com/jobs/view/sports-data-collector-football-st-ann%C2%B4s-bay-jamaica-at-genius-sports-4436672431,"Sports Data Collector (Football) - ST Ann´s Bay, Jamaica",,scraped,2026-07-11T11:47:54.459013,
c97720854a0e6d4e,https://jm.linkedin.com/jobs/view/digital-sales-support-representative-at-talentpop-app-4434890288,Digital Sales & Support Representative,TalentPop App,posted,2026-07-11T11:48:31.250791,221
702107c56c28af39,https://jm.linkedin.com/jobs/view/cryptocurrency-and-blockchain-journalist-and-reporters-canada-u-s-eastern-and-western-time-zones-%E2%80%93-remote-at-coinchapter-4438544142,Cryptocurrency and Blockchain Journalist and Reporters Canada/ U.S. Eastern and Western Time Zones – Remote,CoinChapter,posted,2026-07-11T11:49:32.176737,378
1a33433044183f34,https://jm.linkedin.com/jobs/view/digital-sales-va-at-talentpop-app-4434881358,Digital Sales VA,TalentPop App,posted,2026-07-11T11:50:48.719982,380
248c83f1cb10d5c1,https://jm.linkedin.com/jobs/view/inventory-coordinator-at-gdi-distributors-2012-ltd-4439547499,Inventory Coordinator,,scraped,2026-07-11T15:39:39.977354,
16333dd165c8b7a7,https://jm.linkedin.com/jobs/view/sales-support-va-at-talentpop-app-4434887306,Sales & Support VA,TalentPop App,posted,2026-07-11T15:41:53.539064,237
ce1862dd1f5ae092,https://jm.linkedin.com/jobs/view/local-unskilled-personnel-construction-and-assembly-support-at-acerh-caribe-4438384118,Local Unskilled Personnel-Construction and Assembly Support,ACERH Caribe,posted,2026-07-11T15:44:28.067047,382
0c758886afddaa92,https://jm.linkedin.com/jobs/view/assistant-manager-finance-afsl-contract-at-sagicor-group-jamaica-limited-4439372938,Assistant Manager - Finance (AFSL) - Contract,,scraped,2026-07-11T15:45:50.726465,
e559c0968da4c68e,https://jm.linkedin.com/jobs/view/accounting-services-associate-iii-at-conduent-4438621934,Accounting Services Associate III,Conduent,posted,2026-07-11T15:46:17.360526,153
27b606f3f73d5264,https://jm.linkedin.com/jobs/view/customer-support-and-sales-specialist-at-talentpop-app-4435685112,Customer Support and Sales Specialist,TalentPop App,posted,2026-07-11T20:01:37.909870,293
8fb8d71f3d89ad26,https://jm.linkedin.com/jobs/view/customer-support-and-sales-specialist-at-talentpop-app-4435675313,Customer Support and Sales Specialist,TalentPop App,posted,2026-07-11T20:03:17.617479,293
75d3ca95cac2d6ac,https://jm.linkedin.com/jobs/view/customer-service-representative-at-talentpop-app-4434871736,Customer Service Representative,TalentPop App,posted,2026-07-11T20:58:40.107485,219
33c1595eec81a7a3,https://jm.linkedin.com/jobs/view/buyer-ftc-secondment-until-september-2027-at-network-rail-4430175515,Buyer - FTC/secondment until September 2027,,scraped,2026-07-13T21:42:31.318427,
5453d875ef305a20,https://jm.linkedin.com/jobs/view/content-creator-at-iludio-4439777767,Content Creator,Iludio,failed|wp_post_failed,2026-07-13T21:43:01.995620,
f4a275ec671b214a,https://jm.linkedin.com/jobs/view/frontend-developer-m-w-d-at-workmatrix-gmbh-4437208699,Frontend Developer (m/w/d),,scraped,2026-07-13T21:43:58.552290,
c6c3ed846c0df318,https://jm.linkedin.com/jobs/view/customer-advocate-inbound-sales-at-talentpop-app-4437245426,Customer Advocate (Inbound Sales),TalentPop App,failed|wp_post_failed,2026-07-13T21:44:32.076693,
3ca0a53ec31c057c,https://jm.linkedin.com/jobs/view/influencer-partnerships-specialist-remote-at-talentpop-app-4434880423,Influencer Partnerships Specialist (Remote),TalentPop App,failed|wp_post_failed,2026-07-13T21:44:57.757129,
d8ce7488d0986941,https://jm.linkedin.com/jobs/view/content-marketing-manager-at-mcmk-b2b-technology-marketing-4439103387,Content Marketing Manager,,scraped,2026-07-13T21:45:38.351175,
a16d5ae044cdbf95,https://jm.linkedin.com/jobs/view/dietitian-at-nhs-ayrshire-arran-4436616571,Dietitian,,scraped,2026-07-13T21:46:00.288151,
edb38ee3000c56b6,https://jm.linkedin.com/jobs/view/online-order-support-va-at-talentpop-app-4437247394,Online Order Support VA,TalentPop App,failed|wp_post_failed,2026-07-13T21:46:27.800544,
5e327ed9dfa1a177,https://jm.linkedin.com/jobs/view/customer-service-representative-at-talentpop-app-4437243485,Customer Service Representative,TalentPop App,failed|wp_post_failed,2026-07-13T21:46:46.355594,
54dc91e66bb5f266,https://jm.linkedin.com/jobs/view/online-order-support-va-at-talentpop-app-4437246391,Online Order Support VA,TalentPop App,failed|wp_post_failed,2026-07-13T21:46:56.965079,
534f7f6eeec96ef4,https://jm.linkedin.com/jobs/view/e-commerce-sales-support-specialist-at-talentpop-app-4437248344,E-Commerce Sales Support Specialist,TalentPop App,failed|wp_post_failed,2026-07-13T21:47:05.387170,
68958d0e2489fa56,https://jm.linkedin.com/jobs/view/customer-advocate-inbound-sales-at-talentpop-app-4437236679,Customer Advocate (Inbound Sales),TalentPop App,failed|wp_post_failed,2026-07-13T21:47:17.782018,
93a9bb89f3680eb8,https://jm.linkedin.com/jobs/view/tiktok-influencer-marketing-assistant-at-talentpop-app-4434892329,TikTok Influencer Marketing Assistant,TalentPop App,failed|wp_post_failed,2026-07-13T21:47:31.304825,
835ca2180ba8ecf5,https://jm.linkedin.com/jobs/view/e-commerce-sales-support-specialist-at-talentpop-app-4437241477,E-Commerce Sales Support Specialist,TalentPop App,failed|wp_post_failed,2026-07-13T21:47:55.755871,
cb98b1e57ddb42a9,https://jm.linkedin.com/jobs/view/php-developer-m-w-d-at-workmatrix-gmbh-4437212560,PHP Developer (m/w/d),,scraped,2026-07-13T21:48:04.334337,
2883c53c36e704b3,https://jm.linkedin.com/jobs/view/digital-sales-support-representative-at-talentpop-app-4437238571,Digital Sales & Support Representative,TalentPop App,failed|wp_post_failed,2026-07-13T21:48:26.829709,
602fb0a726920879,https://jm.linkedin.com/jobs/view/customer-retention-representative-at-veta-virtual-4439410645,Customer Retention Representative,,scraped,2026-07-13T21:48:51.363269,
37cfb53977aa0576,https://jm.linkedin.com/jobs/view/digital-sales-support-representative-at-talentpop-app-4437245430,Digital Sales & Support Representative,TalentPop App,failed|wp_post_failed,2026-07-13T21:49:11.651856,
f1494b6b27c6eb55,https://jm.linkedin.com/jobs/view/digital-sales-support-representative-at-talentpop-app-4437239585,Digital Sales & Support Representative,TalentPop App,scraped,2026-07-13T21:49:15.644252,
bbad338f0bedc9ee,https://jm.linkedin.com/jobs/view/senior-lawyer-inquest-team-at-nwssp-legal-risk-services-4439134348,Senior Lawyer - Inquest Team,,scraped,2026-07-13T21:49:58.226637,
e42329b93788b09e,https://jm.linkedin.com/jobs/view/bauleitender-obermonteur-m-w-d-%E2%80%93-mit-reisebereitschaft-f%C3%BCr-fernbaustellen-at-s%C3%BClzle-kopf-gmbh-4438973421,Bauleitender Obermonteur (m/w/d) – mit Reisebereitschaft für Fernbaustellen,,scraped,2026-07-13T21:50:05.959539,
0a9f23ed52abf971,https://jm.linkedin.com/jobs/view/customer-advocate-inbound-sales-at-talentpop-app-4437243483,Customer Advocate (Inbound Sales),TalentPop App,failed|wp_post_failed,2026-07-13T21:50:22.022230,
69dc2b8f4c799cab,https://jm.linkedin.com/jobs/view/customer-advocate-inbound-sales-at-talentpop-app-4437240535,Customer Advocate (Inbound Sales),TalentPop App,failed|wp_post_failed,2026-07-13T21:50:30.682496,
f9eaba8acb4e8a13,https://jm.linkedin.com/jobs/view/online-order-support-va-at-talentpop-app-4437238590,Online Order Support VA,TalentPop App,failed|wp_post_failed,2026-07-13T21:50:45.273778,
2f7c96a2c6fd4919,https://jm.linkedin.com/jobs/view/electrician-at-couples-resorts-4439764541,Electrician,Couples Resorts,failed|wp_post_failed,2026-07-13T21:51:08.040949,
143602b8c3fc76ae,https://jm.linkedin.com/jobs/view/care-assistant-bank-at-carebase-4439434275,Care Assistant - Bank,,scraped,2026-07-13T21:51:10.664182,
21230f75c1a6f972,https://jm.linkedin.com/jobs/view/plant-reliability-engineer-%E2%80%93-clarendon-distillers-limited-at-national-rums-of-jamaica-limited-4440301839,Plant Reliability Engineer – Clarendon Distillers Limited,National Rums Of Jamaica Limited,failed|wp_post_failed,2026-07-13T21:51:26.164682,
6bd564a769206379,https://jm.linkedin.com/jobs/view/vehicle-listing-verification-specialist-at-veta-virtual-4439417426,Vehicle Listing & Verification Specialist,,scraped,2026-07-13T21:51:32.750002,
22bfa8bfd12f9f37,https://jm.linkedin.com/jobs/view/digital-sales-support-representative-at-talentpop-app-4437234712,Digital Sales & Support Representative,TalentPop App,failed|wp_post_failed,2026-07-13T21:51:46.848803,
030593e3cbbd7711,https://jm.linkedin.com/jobs/view/digital-sales-support-representative-at-talentpop-app-4437245408,Digital Sales & Support Representative,TalentPop App,scraped,2026-07-13T21:51:50.970868,
afd0b90a12b6a081,https://jm.linkedin.com/jobs/view/staff-accountant-at-veta-virtual-4439409572,Staff Accountant,,scraped,2026-07-13T21:51:55.586886,
edab7ccdee84e779,https://jm.linkedin.com/jobs/view/cloud-saas-operations-manager-at-veta-virtual-4439405706,Cloud & SaaS Operations Manager,,scraped,2026-07-13T21:52:07.793209,
5423ab125dd3f42f,https://jm.linkedin.com/jobs/view/customer-support-specialist-at-veta-virtual-4439420373,Customer Support Specialist,,scraped,2026-07-13T21:52:14.009522,
3decce201fc8a139,https://jm.linkedin.com/jobs/view/crypto-sales-client-services-associate-at-veta-virtual-4439402928,Crypto Sales & Client Services Associate,,scraped,2026-07-13T21:52:20.026069,
3ad0d5be54ac6742,https://jm.linkedin.com/jobs/view/senior-seo-account-manager-at-veta-virtual-4439411593,Senior SEO Account Manager,,scraped,2026-07-13T21:52:28.210870,
02b8458d007758e8,https://jm.linkedin.com/jobs/view/senior-seo-content-strategist-at-veta-virtual-4439405705,Senior SEO Content Strategist,,scraped,2026-07-13T21:52:34.203972,
7194f61359286efd,https://jm.linkedin.com/jobs/view/identity-trust-fraud-intelligence-specialist-intermediate-ai-community-at-telus-digital-ai-data-solutions-4440039701,Identity Trust & Fraud Intelligence Specialist - Intermediate (AI Community),TELUS Digital AI Data Solutions,failed|wp_post_failed,2026-07-13T21:52:45.734615,
bf7edd1004695def,https://jm.linkedin.com/jobs/view/inspector-of-ancient-monuments-nsip-historic-england-at-guardian-jobs-4439424798,"Inspector of Ancient Monuments (NSIP), HISTORIC ENGLAND",,scraped,2026-07-13T21:52:50.438766,
c6054e598bdb04a9,https://jm.linkedin.com/jobs/view/freelance-computational-linguist-intermediate-ai-community-at-telus-digital-ai-data-solutions-4440038434,Freelance Computational Linguist- Intermediate (AI Community),TELUS Digital AI Data Solutions,failed|wp_post_failed,2026-07-13T21:53:04.129431,
91a85af8ce125e7f,https://jm.linkedin.com/jobs/view/loss-prevention-officer-at-pricesmart-4437679712,Loss Prevention Officer,PriceSmart,posted,2026-07-15T22:18:34.363799,384
87943797aecbe2eb,https://jm.linkedin.com/jobs/view/delivery-driver-4440877806,Delivery Driver,New Scorpio,posted,2026-07-15T22:18:43.985826,386
3d2a0593ad3173df,https://jm.linkedin.com/jobs/view/payroll-services-associate-iii-at-conduent-4440397627,Payroll Services Associate III,Conduent,posted,2026-07-15T22:18:55.455670,388
5a5f27a6d4e03fd3,https://jm.linkedin.com/jobs/view/explore-staff-careers-at-umsl-research-development-4437210665,Explore Staff Careers,UMSL Research Development,posted,2026-07-15T22:19:05.986954,390
0e8088b16e09c6bd,https://jm.linkedin.com/jobs/view/loan-recovery-officer-at-the-jamaica-national-group-4440259377,Loan Recovery Officer,The Jamaica National Group,posted,2026-07-15T22:19:24.352817,392
c29920ea1e03931d,https://jm.linkedin.com/jobs/view/explore-faculty-careers-at-umsl-research-development-4437218471,Explore Faculty Careers,UMSL Research Development,posted,2026-07-15T22:19:38.710025,394
b19103dd8b030ffa,https://jm.linkedin.com/jobs/view/medical-secretary-at-nhs-ayrshire-arran-4438434115,Medical Secretary,,scraped,2026-07-15T22:19:41.188772,
5565d52aee4d5f6b,https://jm.linkedin.com/jobs/view/client-travel-specialist-at-camirandtravel-4437949370,Client Travel Specialist,Camirandtravel,posted,2026-07-15T22:19:55.477139,396
43e467c14d692d5c,https://jm.linkedin.com/jobs/view/retail-associate-at-serenbe-real-estate-4438919379,Retail Associate,SERENBE REAL ESTATE,posted,2026-07-15T22:20:06.675242,398
b4ea3cd96e64835c,https://jm.linkedin.com/jobs/view/finance-manager-group-accounting-contract-at-sagicor-group-jamaica-limited-4440876125,Finance Manager - Group Accounting (Contract),,scraped,2026-07-15T22:20:11.364604,
08c0525d3ff8e978,https://jm.linkedin.com/jobs/view/director-customer-experience-%E2%80%94-at-rem-associates-ltd-4440855752,"Director, Customer Experience —",REM Associates Ltd,posted,2026-07-15T22:20:28.854365,400
97b5f6e40e9666f9,https://jm.linkedin.com/jobs/view/learning-program-operations-associate-at-kpmg-in-jamaica-4440804302,Learning Program Operations Associate,KPMG in Jamaica,posted,2026-07-15T22:20:40.426089,402
f263d9388d5660b3,https://jm.linkedin.com/jobs/view/jd-sports-recrute-%21-at-coeur-de-jaures-4439457939,JD Sports recrute !,,scraped,2026-07-15T22:20:42.972902,
c9613409db05ca08,https://jm.linkedin.com/jobs/view/sales-and-marketing-representative-at-klutchja-organics-ltd-4441229242,Sales And Marketing Representative,,scraped,2026-07-15T22:20:50.449406,
68b117a6720d2e56,https://jm.linkedin.com/jobs/view/customer-experience-specialist-tier-2-at-liberty-latin-america-4440282476,Customer Experience Specialist - Tier 2,Liberty Latin America,posted,2026-07-15T22:21:06.698557,404
f6126cd5b3904208,https://jm.linkedin.com/jobs/view/financial-reporting-accountant-at-digicel-group-4438025004,Financial Reporting Accountant,,scraped,2026-07-15T22:21:09.278464,
e9548f32ca8cf717,https://jm.linkedin.com/jobs/view/night-watchman-at-delta-supply-company-ltd-4440089809,Night watchman,Delta Supply Company Ltd.,posted,2026-07-15T22:21:59.664448,406
e742edfd7d47414c,https://jm.linkedin.com/jobs/view/project-manager-at-happy-hearts-fund-now-all-hands-and-hearts-smart-response-4438021577,PROJECT MANAGER,Happy Hearts Fund (Now All Hands and Hearts - Smart Response),posted,2026-07-15T22:22:09.879073,408
3b0af30e04a34495,https://jm.linkedin.com/jobs/view/project-coordinator-full-time-remote-position-at-verasafe-4441218238,"Project Coordinator (Full Time, Remote Position)",VeraSafe,posted,2026-07-15T22:22:19.207280,410
8a0e1196cc2459f8,https://jm.linkedin.com/jobs/view/customer-service-representative-at-quipt-home-medical-4440359053,Customer Service Representative,Quipt Home Medical,posted,2026-07-15T22:22:23.818106,219
40e002a5db553514,https://jm.linkedin.com/jobs/view/creador-a-de-contenido-pov-para-ia-remoto-at-toloka-annotators-4440560816,Creador(a) de Contenido POV para IA - Remoto,Toloka Annotators,posted,2026-07-15T22:22:33.932538,412
97f80b045b5cb3a3,https://jm.linkedin.com/jobs/view/lead-content-creator-at-crunchy-sip-4437232188,Lead Content Creator,Crunchy Sip,posted,2026-07-15T22:22:45.561282,414
cf48bb55785c8b56,https://jm.linkedin.com/jobs/view/virtual-assistant-inside-sales-agent-at-we-clone-you-4438440047,Virtual Assistant - Inside Sales Agent,,scraped,2026-07-15T22:22:54.088173,
c2b4a09f67513399,https://jm.linkedin.com/jobs/view/influencer-campaign-coordinator-remote-full-time-at-talentpop-app-4437638859,Influencer Campaign Coordinator (Remote | Full-Time),TalentPop App,posted,2026-07-15T22:23:05.867746,416
e1fba4fa8a1f3475,https://jm.linkedin.com/jobs/view/graphic-designer-at-talentpop-app-4437649716,Graphic Designer,TalentPop App,posted,2026-07-15T22:23:10.821948,197
f45c8eb302ebba0f,https://jm.linkedin.com/jobs/view/deputy-chief-executive-officer-at-thehivecareers-4441229291,Deputy Chief Executive Officer,TheHiveCareers,posted,2026-07-15T22:23:19.989570,418
0913790f174b065b,https://jm.linkedin.com/jobs/view/sales-development-representative-at-remote-growth-partners-4440085721,Sales Development Representative,Remote Growth Partners,posted,2026-07-15T22:23:24.633897,145
65d11a3baf19c502,https://jm.linkedin.com/jobs/view/showroom-coordinator-at-dongfeng-jamaica-4441278058,Showroom Coordinator,Dongfeng Jamaica,posted,2026-07-15T22:23:33.494019,420
0bec4f6582e64a14,https://jm.linkedin.com/jobs/view/customer-service-representative-at-talentpop-app-4437236680,Customer Service Representative,TalentPop App,posted,2026-07-15T22:23:40.300172,219
5ee481b612c0a152,https://jm.linkedin.com/jobs/view/praca-na-eventach-tylko-wekendy-at-survival-race-4439874222,Praca na eventach / Tylko wekendy,Survival Race,posted,2026-07-15T22:23:49.805612,422
c49cbf5a06d2b771,https://jm.linkedin.com/jobs/view/student-library-assistant-graphic-design-at-university-of-tennessee-libraries-4438438418,Student Library Assistant - Graphic Design,University of Tennessee Libraries,posted,2026-07-15T22:24:01.359180,424
0e8a0d84597a916b,https://jm.linkedin.com/jobs/view/virtual-revenue-closing-expert-at-talentpop-app-4437643733,Virtual Revenue Closing Expert,TalentPop App,posted,2026-07-15T22:24:10.936580,205
f307a00c80f6d0aa,https://jm.linkedin.com/jobs/view/digital-sales-support-representative-at-talentpop-app-4437244433,Digital Sales & Support Representative,TalentPop App,posted,2026-07-15T22:24:15.971111,221
53a55efeaddd55e5,https://jm.linkedin.com/jobs/view/digital-sales-support-representative-at-talentpop-app-4437231820,Digital Sales & Support Representative,TalentPop App,scraped,2026-07-15T22:24:20.232769,
b54773d3c962115d,https://jm.linkedin.com/jobs/view/shopify-e-commerce-assistant-at-talentpop-app-4437654201,Shopify/ E-Commerce Assistant,TalentPop App,posted,2026-07-15T22:24:32.935154,426
2f92188236d31d7a,https://jm.linkedin.com/jobs/view/influencer-campaign-coordinator-remote-full-time-at-talentpop-app-4437637948,Influencer Campaign Coordinator (Remote | Full-Time),TalentPop App,posted,2026-07-15T22:24:37.893920,416
92b49b59a76e77ab,https://jm.linkedin.com/jobs/view/virtual-revenue-closing-expert-at-talentpop-app-4437652176,Virtual Revenue Closing Expert,TalentPop App,posted,2026-07-15T22:24:42.764734,205
94de9000c69e7b55,https://jm.linkedin.com/jobs/view/tiktok-shop-support-at-talentpop-app-4437641834,TikTok Shop Support,TalentPop App,posted,2026-07-15T22:24:52.308379,428
b0ec355255e16770,https://jm.linkedin.com/jobs/view/seo-assistant-at-talentpop-app-4437646740,SEO Assistant,TalentPop App,posted,2026-07-15T22:24:57.073157,209
a1888e737bf8803c,https://jm.linkedin.com/jobs/view/influencer-campaign-coordinator-remote-full-time-at-talentpop-app-4437639911,Influencer Campaign Coordinator (Remote | Full-Time),TalentPop App,posted,2026-07-15T22:25:06.740105,416
e2bb301fc78a4825,https://jm.linkedin.com/jobs/view/e-commerce-sales-support-specialist-at-talentpop-app-4437241476,E-Commerce Sales Support Specialist,TalentPop App,posted,2026-07-15T22:25:19.927181,430
715b27d4667254b9,https://jm.linkedin.com/jobs/view/influencer-campaign-coordinator-remote-full-time-at-talentpop-app-4437646748,Influencer Campaign Coordinator (Remote | Full-Time),TalentPop App,posted,2026-07-15T22:25:26.586587,416
7d7acd95c469984a,https://jm.linkedin.com/jobs/view/customer-and-sales-engagement-specialist-at-talentpop-app-4437656099,Customer and Sales Engagement Specialist,TalentPop App,posted,2026-07-15T22:25:31.266200,241
9faa48c468358624,https://jm.linkedin.com/jobs/view/customer-and-sales-engagement-specialist-at-talentpop-app-4437636904,Customer and Sales Engagement Specialist,TalentPop App,scraped,2026-07-15T22:25:35.295288,
42ea4587d2cecd98,https://jm.linkedin.com/jobs/view/communications-officer-jamaica-bankers-association-jba-4440502043,Communications Officer - Jamaica Bankers Association (JBA),Jamaica Bankers Association,posted,2026-07-15T22:25:44.759957,432
afa58e18c7dd2b0b,https://jm.linkedin.com/jobs/view/digital-sales-support-representative-at-talentpop-app-4437253266,Digital Sales & Support Representative,TalentPop App,posted,2026-07-15T22:25:49.497461,221
f872412a102d26fd,https://jm.linkedin.com/jobs/view/linedaul-driver-at-dhl-express-4440826767,Linedaul Driver,DHL Express,posted,2026-07-15T22:26:00.597545,434
34f6716383150575,https://jm.linkedin.com/jobs/view/account-executive-at-stellar-staff-4440216920,Account Executive,Stellar Staff,posted,2026-07-15T22:26:09.449326,436
44a978f336350c94,https://jm.linkedin.com/jobs/view/customer-service-representative-at-talentpop-app-4437233791,Customer Service Representative,TalentPop App,posted,2026-07-15T22:26:14.198669,219
0241ea0778bba9f2,https://jm.linkedin.com/jobs/view/course-manager-at-british-international-golf-greenkeepers-association-bigga-4441259325,Course Manager,,scraped,2026-07-15T22:26:18.732018,
4949f09aa802260c,https://jm.linkedin.com/jobs/view/digital-sales-support-representative-at-talentpop-app-4437233775,Digital Sales & Support Representative,TalentPop App,posted,2026-07-15T22:26:29.464394,221
4bcb74fe331ab0d7,https://jm.linkedin.com/jobs/view/online-order-support-va-at-talentpop-app-4437251324,Online Order Support VA,TalentPop App,posted,2026-07-15T22:26:34.334080,227
392bd96e78749e97,https://jm.linkedin.com/jobs/view/customer-and-sales-engagement-specialist-at-talentpop-app-4437652193,Customer and Sales Engagement Specialist,TalentPop App,posted,2026-07-15T22:26:38.984305,241
c983e6e2252dab59,https://jm.linkedin.com/jobs/view/customer-and-sales-engagement-specialist-at-talentpop-app-4437636884,Customer and Sales Engagement Specialist,TalentPop App,scraped,2026-07-15T22:26:42.892055,
61acea49994877a2,https://jm.linkedin.com/jobs/view/influencer-marketing-specialist-at-talentpop-app-4437656140,Influencer Marketing Specialist,TalentPop App,posted,2026-07-15T22:26:58.495845,438
c5d9daf301f092b8,https://jm.linkedin.com/jobs/view/digital-sales-support-representative-at-talentpop-app-4437243472,Digital Sales & Support Representative,TalentPop App,posted,2026-07-15T22:27:03.477962,221
0cc3d147e7798a38,https://jm.linkedin.com/jobs/view/influencer-marketing-specialist-at-talentpop-app-4437646732,Influencer Marketing Specialist,TalentPop App,posted,2026-07-15T22:27:10.274462,438
9233e22964714718,https://jm.linkedin.com/jobs/view/digital-sales-support-representative-at-talentpop-app-4437236665,Digital Sales & Support Representative,TalentPop App,posted,2026-07-15T22:27:18.873791,221
a8ebd2e6ddf38d73,https://jm.linkedin.com/jobs/view/online-order-support-va-at-talentpop-app-4437247384,Online Order Support VA,TalentPop App,posted,2026-07-15T22:27:23.909921,227
53b6befef718f452,https://jm.linkedin.com/jobs/view/associate-medical-physician-at-harmony-health-cosmetic-clinic-4441229298,Associate medical physician,Harmony Health Cosmetic Clinic,posted,2026-07-15T22:27:34.520084,440
c646a6affdbb850e,https://jm.linkedin.com/jobs/view/senior-accountant-pension-fund-at-kpmg-in-jamaica-4321104268,Senior Accountant (Pension Fund),KPMG in Jamaica,posted,2026-07-15T22:27:49.271523,442
e1c011fa26e86ac8,https://jm.linkedin.com/jobs/view/specialist-dietitian-at-nhs-ayrshire-arran-4438413936,Specialist Dietitian,,scraped,2026-07-15T22:27:51.724990,
2db3ac6990ba979a,https://jm.linkedin.com/jobs/view/paid-search-social-specialist-at-veta-virtual-4439867454,Paid Search & Social Specialist,,scraped,2026-07-15T22:27:59.006516,
ae6e8dd2dbd032f5,https://jm.linkedin.com/jobs/view/technology-intern-at-digicel-group-4438006781,Technology Intern,,scraped,2026-07-15T22:28:07.316880,
6581f4dd6ba448fc,https://jm.linkedin.com/jobs/view/real-estate-acquisition-assistant-experience-in-real-estate-sales-is-required-at-workstaff360-4439574132,Real Estate Acquisition Assistant (experience in real estate sales is required),,scraped,2026-07-15T22:28:13.887187,
173784d0b7876311,https://jm.linkedin.com/jobs/view/content-safety-specialist-intermediate-ai-community-at-telus-digital-ai-data-solutions-4440032753,Content Safety Specialist- Intermediate (AI Community),TELUS Digital AI Data Solutions,posted,2026-07-15T22:28:27.646305,444
fe7c5ffe9aebb215,https://jm.linkedin.com/jobs/view/commercial-manager-at-airswift-4436768923,Commercial Manager,Airswift,posted,2026-07-15T22:28:36.945745,446
90711b364cb5ba02,https://jm.linkedin.com/jobs/view/human-resources-manager-at-airswift-4436788150,Human Resources Manager,Airswift,posted,2026-07-15T22:28:48.413361,448
f6ed6b6389a7dcba,https://jm.linkedin.com/jobs/view/project-manager-%E2%80%93-migraci%C3%B3n-de-procesador-de-pagos-at-customer-intelligence-inc-4440821763,Project Manager – Migración de Procesador de Pagos,Customer Intelligence Inc.,posted,2026-07-15T22:29:00.860191,450
f2851acae85e3d2d,https://jm.linkedin.com/jobs/view/senior-lawyer-inquest-team-at-nwssp-legal-risk-services-4439980012,Senior Lawyer - Inquest Team,,scraped,2026-07-15T22:29:03.425264,
05a8b415e15ef79f,https://jm.linkedin.com/jobs/view/graphic-designer-at-jasa-solutions-4437233480,Graphic Designer,JASA Solutions,posted,2026-07-15T22:29:14.300215,197
744decbe580bc737,https://jm.linkedin.com/jobs/view/digital-sales-support-representative-at-talentpop-app-4437248343,Digital Sales & Support Representative,TalentPop App,posted,2026-07-15T22:29:21.257750,221
1fe2f2e2b3cff424,https://jm.linkedin.com/jobs/view/digital-sales-support-representative-at-talentpop-app-4437233784,Digital Sales & Support Representative,TalentPop App,scraped,2026-07-15T22:29:25.139247,
30f1a7f46a6e5288,https://jm.linkedin.com/jobs/view/sales-support-va-at-talentpop-app-4437642761,Sales & Support VA,TalentPop App,posted,2026-07-15T22:29:29.860872,237
f1befdfaf045eac5,https://jm.linkedin.com/jobs/view/online-order-support-va-at-talentpop-app-4437240544,Online Order Support VA,TalentPop App,posted,2026-07-15T22:29:34.541745,227
be4c4961433f4dc7,https://jm.linkedin.com/jobs/view/influencer-marketing-specialist-at-talentpop-app-4437657056,Influencer Marketing Specialist,TalentPop App,posted,2026-07-15T22:29:39.364029,438
7a011368ca87549c,https://jm.linkedin.com/jobs/view/influencer-marketing-specialist-at-talentpop-app-4437643717,Influencer Marketing Specialist,TalentPop App,posted,2026-07-15T22:29:44.185921,438
df584faf424485b8,https://jm.linkedin.com/jobs/view/influencer-marketing-specialist-at-talentpop-app-4437643713,Influencer Marketing Specialist,TalentPop App,posted,2026-07-15T22:29:49.267165,438
daf2476a1e7375b8,https://jm.linkedin.com/jobs/view/payroll-services-associate-iii-at-conduent-4440515089,Payroll Services Associate III,Conduent,posted,2026-07-15T22:29:54.155856,388
16693e4624abe244,https://jm.linkedin.com/jobs/view/senior-full-stack-engineer-at-pavago-4441233588,Senior Full Stack Engineer,Pavago,posted,2026-07-15T22:30:04.358590,452
f36dab084dcf30ee,https://jm.linkedin.com/jobs/view/virtual-revenue-closing-expert-at-talentpop-app-4437643755,Virtual Revenue Closing Expert,TalentPop App,posted,2026-07-15T22:30:09.380712,205
e7b7b76fa0e34eb2,https://jm.linkedin.com/jobs/view/virtual-revenue-closing-expert-at-talentpop-app-4437653139,Virtual Revenue Closing Expert,TalentPop App,posted,2026-07-15T22:30:14.266543,205
88e6a9f9bdbf5587,https://jm.linkedin.com/jobs/view/virtual-revenue-closing-expert-at-talentpop-app-4437646676,Virtual Revenue Closing Expert,TalentPop App,posted,2026-07-15T22:30:19.213100,205
e49d3fb606ca4012,https://jm.linkedin.com/jobs/view/virtual-revenue-closing-expert-at-talentpop-app-4437644692,Virtual Revenue Closing Expert,TalentPop App,posted,2026-07-15T22:30:23.896578,205
7388d087d8e92ebe,https://jm.linkedin.com/jobs/view/customer-and-sales-engagement-specialist-at-talentpop-app-4437659016,Customer and Sales Engagement Specialist,TalentPop App,posted,2026-07-15T22:30:28.789001,241
4e0714ac003d253d,https://jm.linkedin.com/jobs/view/customer-and-sales-engagement-specialist-at-talentpop-app-4437646664,Customer and Sales Engagement Specialist,TalentPop App,posted,2026-07-15T22:30:33.582310,241
e741f88844dcaf44,https://jm.linkedin.com/jobs/view/customer-and-sales-engagement-specialist-at-talentpop-app-4437636886,Customer and Sales Engagement Specialist,TalentPop App,posted,2026-07-15T22:30:38.680667,241
5edf56ee19407bb2,https://jm.linkedin.com/jobs/view/schwei%C3%9Fer-f%C3%BCr-wig-m-w-d-nl-crailsheim-at-s%C3%BClzle-kopf-gmbh-4440272680,Schweißer für WIG (m/w/d) NL Crailsheim,,scraped,2026-07-15T22:30:41.278762,
2fd5ba3805e6a1cb,https://jm.linkedin.com/jobs/view/seo-specialist-at-veta-virtual-4439862628,SEO Specialist,,scraped,2026-07-15T22:30:49.022611,
0346b3664d1ce4b2,https://jm.linkedin.com/jobs/view/e-commerce-sales-outreach-specialist-at-talentpop-app-4437637899,E-Commerce Sales Outreach Specialist,TalentPop App,posted,2026-07-15T22:30:57.597619,239
07a907af6b55e8b4,https://jm.linkedin.com/jobs/view/e-commerce-sales-outreach-specialist-at-talentpop-app-4437642757,E-Commerce Sales Outreach Specialist,TalentPop App,posted,2026-07-15T22:31:02.655082,239
ef929873c2ef64cc,https://jm.linkedin.com/jobs/view/collision-refinish-technician-at-gerber-collision-glass-4439109113,Collision Refinish Technician,Gerber Collision &amp; Glass,posted,2026-07-15T22:31:07.811545,121
a8ff91235bafe940,https://jm.linkedin.com/jobs/view/fwg-warehouse-team-lead-at-campari-group-4440393616,FWG Warehouse Team Lead,,scraped,2026-07-15T22:31:12.832698,
08fb63ffc808642f,https://jm.linkedin.com/jobs/view/senior-seo-content-strategist-at-veta-virtual-4439857740,Senior SEO Content Strategist,,scraped,2026-07-15T22:31:19.449988,
da3ddc22590c0558,https://jm.linkedin.com/jobs/view/chemistry-lab-data-specialist-intermediate-ai-community-at-telus-digital-ai-data-solutions-4440049237,Chemistry & Lab Data Specialist - Intermediate (AI Community),TELUS Digital AI Data Solutions,posted,2026-07-15T22:31:36.014094,454
63de9395ab2a14fd,https://jm.linkedin.com/jobs/view/associate-manager-data-privacy-at-liberty-of-puerto-rico-4439478288,"Associate Manager, Data Privacy",Liberty of Puerto Rico,posted,2026-07-15T22:31:45.585640,456
0f0fbd759663088e,https://jm.linkedin.com/jobs/view/accounting-officer-afsl-at-sagicor-group-jamaica-limited-4440874124,Accounting Officer - AFSL,,scraped,2026-07-17T21:38:22.277672,
114895b03c61ebcb,https://jm.linkedin.com/jobs/view/client-relationship-officer-at-the-jamaica-national-group-4439902428,Client Relationship Officer,The Jamaica National Group,posted,2026-07-17T21:38:39.894089,458
6bb29ea47dd788e8,https://jm.linkedin.com/jobs/view/care-assistant-at-carebase-4439426611,Care Assistant,,scraped,2026-07-17T21:38:44.462455,
9345960a0221dcb8,https://jm.linkedin.com/jobs/view/assistant-manager-financial-analyst-at-sagicor-group-jamaica-limited-4440961749,Assistant Manager - Financial Analyst,,scraped,2026-07-17T21:38:52.190085,
4dad380797c1a30a,https://jm.linkedin.com/jobs/view/teller-hope-road-at-sagicor-group-jamaica-limited-4441986009,Teller - Hope Road,,scraped,2026-07-17T21:38:59.020635,
e3c30cbbcfb044ad,https://jm.linkedin.com/jobs/view/graphic-designer-at-common-ground-4441118260,Graphic Designer,,scraped,2026-07-17T21:39:05.674073,
39d9776f26d46786,https://jm.linkedin.com/jobs/view/store-manager-at-ryman-4439153409,Store Manager,Ryman,posted,2026-07-17T21:39:25.422328,460
5c325fb76f54a4a8,https://jm.linkedin.com/jobs/view/sales-support-rep-%E2%80%93-email-chat-remote-at-talentpop-app-4438448091,Sales Support Rep – Email & Chat (Remote),TalentPop App,posted,2026-07-17T21:39:32.123657,295
71bb21e4d2467f5f,https://jm.linkedin.com/jobs/view/administrative-assistant-at-bodyscape-jamaica-ltd-4442142671,Administrative Assistant,,scraped,2026-07-17T21:39:34.611863,
f9063c6157ad7609,https://jm.linkedin.com/jobs/view/customer-support-agent-at-talentpop-app-4438717053,Customer Support Agent,TalentPop App,posted,2026-07-17T21:39:43.099646,195
d5bfe55ea3e8635e,https://jm.linkedin.com/jobs/view/vehicle-listing-verification-specialist-at-veta-virtual-4439863570,Vehicle Listing & Verification Specialist,,scraped,2026-07-17T21:39:45.888026,
8915fef9f2ef79e7,https://jm.linkedin.com/jobs/view/accountant-hotel-industry-at-howard-4441658151,Accountant (Hotel Industry),Howard,posted,2026-07-17T21:39:54.345349,55
d7cadd1e613c46b4,https://jm.linkedin.com/jobs/view/region-manager-at-monster-energy-4441268460,Region Manager,Monster Energy,posted,2026-07-17T21:40:02.107052,462
a55dd0f080073e8b,https://jm.linkedin.com/jobs/view/finance-receivables-manager-at-acca-careers-4440535636,Finance & Receivables Manager,,scraped,2026-07-17T21:40:04.729166,
fc4fccfed1564c8e,https://jm.linkedin.com/jobs/view/kitchen-staff-at-opaa%21-food-management-4441116031,Kitchen Staff,Opaa! Food Management,posted,2026-07-17T21:40:13.433872,185
8279d7b44b6f0a6c,https://jm.linkedin.com/jobs/view/content-creative-at-common-ground-4441100807,Content Creative,,scraped,2026-07-17T21:40:15.961981,
a9fb811e51eab328,https://jm.linkedin.com/jobs/view/sales-manager-at-dongfeng-jamaica-4441272363,Sales Manager,Dongfeng Jamaica,posted,2026-07-17T21:40:29.472184,464
5f6aa78ac100153e,https://jm.linkedin.com/jobs/view/specialist-customer-care-at-vistaprint-4441257903,"Specialist, Customer CARE",VistaPrint,posted,2026-07-17T21:40:38.330865,466
f4f99a4e7ffc8922,https://jm.linkedin.com/jobs/view/jd-sports-recrute-%21-at-coeur-de-jaures-4441122010,JD Sports recrute !,,scraped,2026-07-17T21:40:40.945763,
ff1b2c680a68321e,https://jm.linkedin.com/jobs/view/idb-invest-investment-management-analyst-or-associates-talent-pool-at-idb-invest-4430270089,IDB Invest - Investment Management Analyst or Associates - Talent Pool,IDB Invest,posted,2026-07-17T21:40:54.106586,468
4f52556670077074,https://jm.linkedin.com/jobs/view/cx-team-lead-at-talentpop-app-4438753909,CX Team Lead,TalentPop App,posted,2026-07-17T21:41:05.029105,470
f4221e7b244efd00,https://jm.linkedin.com/jobs/view/research-analyst-jamaica-bankers-association-jba-4440399055,Research Analyst - Jamaica Bankers Association (JBA),Jamaica Bankers Association,posted,2026-07-17T21:41:14.051316,472
268fba759ef967be,https://jm.linkedin.com/jobs/view/operations-manager-at-ilds-international-employment-agency-4440768639,Operations Manager,,scraped,2026-07-17T21:41:16.670842,
24ff6aede9adc6b8,https://jm.linkedin.com/jobs/view/customer-retention-accounts-officer-at-secure-iq-services-4439725152,Customer Retention & Accounts Officer,,scraped,2026-07-17T21:41:26.179146,
7bdec0f0c14add52,https://jm.linkedin.com/jobs/view/tiktok-shop-key-accounts-manager-at-full-circle-agency-4440239010,TikTok Shop Key Accounts Manager,Full Circle Agency,posted,2026-07-17T21:41:38.831208,474
c8149784d73d3848,https://jm.linkedin.com/jobs/view/sales-and-marketing-specialist-at-premierwaste-4441604616,Sales And Marketing Specialist,,scraped,2026-07-17T21:41:41.327467,
2157c71da75b0ddb,https://jm.linkedin.com/jobs/view/salesperson-4441218065,Salesperson,Baltic Enterprise Ltd.,posted,2026-07-17T21:41:53.502081,476
9e88660c7f5bd606,https://jm.linkedin.com/jobs/view/content-writer-remote-at-boma-consult-4438462315,Content Writer (Remote),Boma Consult,posted,2026-07-17T21:42:02.510190,478
497242b9fa5d68da,https://jm.linkedin.com/jobs/view/influencer-campaign-coordinator-remote-full-time-at-talentpop-app-4437650504,Influencer Campaign Coordinator (Remote | Full-Time),TalentPop App,posted,2026-07-17T21:42:07.171882,416
8154380d99ecea76,https://jm.linkedin.com/jobs/view/influencer-campaign-coordinator-remote-full-time-at-talentpop-app-4437655139,Influencer Campaign Coordinator (Remote | Full-Time),TalentPop App,posted,2026-07-17T21:42:13.601008,416
9416f9124fb4aa2b,https://jm.linkedin.com/jobs/view/influencer-campaign-coordinator-remote-full-time-at-talentpop-app-4437655123,Influencer Campaign Coordinator (Remote | Full-Time),TalentPop App,posted,2026-07-17T21:42:18.078414,416
43c2a3b4e746f119,https://jm.linkedin.com/jobs/view/influencer-campaign-coordinator-remote-full-time-at-talentpop-app-4437649689,Influencer Campaign Coordinator (Remote | Full-Time),TalentPop App,posted,2026-07-17T21:42:24.900319,416
fea3ab42382c42cb,https://jm.linkedin.com/jobs/view/influencer-campaign-coordinator-remote-full-time-at-talentpop-app-4437642778,Influencer Campaign Coordinator (Remote | Full-Time),TalentPop App,posted,2026-07-17T21:42:29.550061,416
8d4ecc15bbbdef2c,https://jm.linkedin.com/jobs/view/influencer-campaign-coordinator-remote-full-time-at-talentpop-app-4437640819,Influencer Campaign Coordinator (Remote | Full-Time),TalentPop App,posted,2026-07-17T21:42:34.149465,416
82e95b70b080be4f,https://jm.linkedin.com/jobs/view/customer-service-representative-at-talentpop-app-4437252280,Customer Service Representative,TalentPop App,posted,2026-07-17T21:42:38.777483,219
badb18a1d4cd0b36,https://jm.linkedin.com/jobs/view/tiktok-shop-support-at-talentpop-app-4437641819,TikTok Shop Support,TalentPop App,posted,2026-07-17T21:42:43.345488,428
35dce1cd2be22e45,https://jm.linkedin.com/jobs/view/senior-accounts-payables-analyst-at-digicel-group-4429473114,Senior Accounts Payables Analyst,,scraped,2026-07-17T21:42:45.975194,
73f0ce6479b537b1,https://jm.linkedin.com/jobs/view/cx-team-lead-at-talentpop-app-4438752897,CX Team Lead,TalentPop App,posted,2026-07-17T21:42:54.543300,470
96b886ff168f6461,https://jm.linkedin.com/jobs/view/customer-support-agent-at-talentpop-app-4438498948,Customer Support Agent,TalentPop App,posted,2026-07-17T21:42:59.085914,195
54f9c5d9106ba6b7,https://jm.linkedin.com/jobs/view/customer-support-agent-at-talentpop-app-4438431931,Customer Support Agent,TalentPop App,scraped,2026-07-17T21:43:03.045148,
ae8b12abae329712,https://jm.linkedin.com/jobs/view/customer-and-sales-engagement-specialist-at-talentpop-app-4437640814,Customer and Sales Engagement Specialist,TalentPop App,posted,2026-07-17T21:43:07.859794,241
e834ffe564ee3d70,https://jm.linkedin.com/jobs/view/customer-and-sales-engagement-specialist-at-talentpop-app-4437643753,Customer and Sales Engagement Specialist,TalentPop App,scraped,2026-07-17T21:43:11.915196,
fba63f58b29280a5,https://jm.linkedin.com/jobs/view/e-commerce-sales-support-specialist-at-talentpop-app-4437243475,E-Commerce Sales Support Specialist,TalentPop App,posted,2026-07-17T21:43:16.501347,430
d238622eebf67ad5,https://jm.linkedin.com/jobs/view/e-commerce-sales-support-specialist-at-talentpop-app-4438791359,E-Commerce Sales Support Specialist,TalentPop App,scraped,2026-07-17T21:43:20.664608,
14dbf81b2d1baa0a,https://jm.linkedin.com/jobs/view/shopify-gorgias-customer-support-agent-at-talentpop-app-4438436827,Shopify/ Gorgias Customer Support Agent,TalentPop App,posted,2026-07-17T21:43:25.098628,299
e7a877a155975a18,https://jm.linkedin.com/jobs/view/e-commerce-sales-outreach-specialist-at-talentpop-app-4437650445,E-Commerce Sales Outreach Specialist,TalentPop App,posted,2026-07-17T21:43:29.728678,239
3694d22e0393f380,https://jm.linkedin.com/jobs/view/logistics-coordination-sales-engagement-specialist-at-talentpop-app-4439203106,Logistics Coordination & Sales Engagement Specialist,TalentPop App,posted,2026-07-17T21:43:37.963604,480
7ff94cde7662c0cb,https://jm.linkedin.com/jobs/view/logistics-coordination-sales-engagement-specialist-at-talentpop-app-4438794298,Logistics Coordination & Sales Engagement Specialist,TalentPop App,posted,2026-07-17T21:43:42.679510,480
166431a4df2757a4,https://jm.linkedin.com/jobs/view/remote-client-conversion-specialist-at-talentpop-app-4438701798,Remote Client Conversion Specialist,TalentPop App,posted,2026-07-17T21:43:51.573652,482
eadfb4b59ed5ff46,https://jm.linkedin.com/jobs/view/cx-team-lead-at-talentpop-app-4438771026,CX Team Lead,TalentPop App,posted,2026-07-17T21:43:56.395612,470
0a607bd1e8de8ba4,https://jm.linkedin.com/jobs/view/tiktok-shop-support-at-talentpop-app-4437639909,TikTok Shop Support,TalentPop App,posted,2026-07-17T21:44:01.072521,428
3053a0ff7391f9b7,https://jm.linkedin.com/jobs/view/seo-assistant-at-talentpop-app-4437655116,SEO Assistant,TalentPop App,posted,2026-07-17T21:44:05.894050,209
6c8977a55653f165,https://jm.linkedin.com/jobs/view/seo-assistant-at-talentpop-app-4437637953,SEO Assistant,TalentPop App,scraped,2026-07-17T21:44:09.767218,
4099397c64260a7b,https://jm.linkedin.com/jobs/view/e-commerce-sales-associate-remote-at-talentpop-app-4438712458,E-commerce Sales Associate (Remote),TalentPop App,posted,2026-07-17T21:44:18.216868,484
c2bceb39755cabde,https://jm.linkedin.com/jobs/view/digital-sales-va-at-talentpop-app-4438437690,Digital Sales VA,TalentPop App,posted,2026-07-17T21:44:22.828906,231
f4b2580b05b9ccf7,https://jm.linkedin.com/jobs/view/sports-data-collector-football-saint-ann-s-bay-jamaica-at-genius-sports-4436672431,"Sports Data Collector (Football) - Saint Ann's Bay, Jamaica",,scraped,2026-07-17T21:44:25.451908,
533da228b8b7e52b,https://jm.linkedin.com/jobs/view/customer-support-and-sales-specialist-at-talentpop-app-4438447091,Customer Support and Sales Specialist,TalentPop App,posted,2026-07-17T21:44:34.043339,293
766ca86f147d4aed,https://jm.linkedin.com/jobs/view/jonny-mulyk-at-the-visionary-talent-agency-4439964131,Jonny Mulyk,,scraped,2026-07-17T21:44:36.640739,
b4967380c92bf4b9,https://jm.linkedin.com/jobs/view/mont%C3%B6r-ve-%C5%9Fof%C3%B6r-aran%C4%B1yor-at-modoko-4441177864,Montör Ve Şoför Aranıyor,,scraped,2026-07-17T21:44:42.949783,
1f31dcff6b432998,https://jm.linkedin.com/jobs/view/shopify-gorgias-customer-support-agent-at-talentpop-app-4438445229,Shopify/ Gorgias Customer Support Agent,TalentPop App,posted,2026-07-17T21:44:52.092346,299
736c70f209b3d86b,https://jm.linkedin.com/jobs/view/inside-sales-support-representative-remote-at-talentpop-app-4438717041,Inside Sales & Support Representative (Remote),TalentPop App,posted,2026-07-17T21:45:00.569613,486
7dce8ad9cabb8724,https://jm.linkedin.com/jobs/view/content-creator-social-media-manager-at-hoi-p-loy-4442115018,CONTENT CREATOR & SOCIAL MEDIA MANAGER,,scraped,2026-07-17T21:45:03.139966,
431baf4745245479,https://jm.linkedin.com/jobs/view/legal-counsel-at-scotiabank-4441108295,Legal Counsel,,scraped,2026-07-17T21:45:10.149195,
1e72df2492a720c8,https://jm.linkedin.com/jobs/view/e-commerce-sales-support-specialist-at-talentpop-app-4438782953,E-Commerce Sales Support Specialist,TalentPop App,posted,2026-07-17T21:45:19.342681,430
ae899c8abf6e3932,https://jm.linkedin.com/jobs/view/customer-support-and-sales-specialist-at-talentpop-app-4438435818,Customer Support and Sales Specialist,TalentPop App,posted,2026-07-17T21:45:26.000652,293
d31cca1ad517dbed,https://jm.linkedin.com/jobs/view/e-commerce-sales-outreach-specialist-at-talentpop-app-4437633991,E-Commerce Sales Outreach Specialist,TalentPop App,posted,2026-07-17T21:45:30.697526,239
e4d5142b8fd0cea2,https://jm.linkedin.com/jobs/view/customer-support-agent-at-talentpop-app-4438432880,Customer Support Agent,TalentPop App,posted,2026-07-17T21:45:35.522276,195
4ed2853fd37f25f3,https://jm.linkedin.com/jobs/view/customer-support-agent-at-talentpop-app-4438710583,Customer Support Agent,TalentPop App,scraped,2026-07-17T21:45:39.586630,
22067c3e1e9d0861,https://jm.linkedin.com/jobs/view/customer-support-and-sales-specialist-at-talentpop-app-4438430948,Customer Support and Sales Specialist,TalentPop App,posted,2026-07-17T21:45:44.289033,293
1a51a69233d0b2e8,https://jm.linkedin.com/jobs/view/customer-support-agent-at-talentpop-app-4438446214,Customer Support Agent,TalentPop App,posted,2026-07-17T21:45:49.433227,195
51bdb9add9a8721f,https://jm.linkedin.com/jobs/view/customer-support-agent-at-talentpop-app-4438497885,Customer Support Agent,TalentPop App,scraped,2026-07-17T21:45:53.359285,
b51845f25f80b13a,https://jm.linkedin.com/jobs/view/remote-client-conversion-specialist-at-talentpop-app-4438716055,Remote Client Conversion Specialist,TalentPop App,posted,2026-07-17T21:45:57.947236,482
b2bd7cfa53612492,https://jm.linkedin.com/jobs/view/e-commerce-sales-support-specialist-at-talentpop-app-4438788502,E-Commerce Sales Support Specialist,TalentPop App,posted,2026-07-17T21:46:02.667917,430
04c77bd19b82b31d,https://jm.linkedin.com/jobs/view/e-commerce-sales-support-specialist-at-talentpop-app-4438781896,E-Commerce Sales Support Specialist,TalentPop App,posted,2026-07-17T21:46:07.435097,430
df01d76c2d49aa40,https://jm.linkedin.com/jobs/view/customer-support-and-sales-specialist-at-talentpop-app-4438446186,Customer Support and Sales Specialist,TalentPop App,posted,2026-07-17T21:46:12.371545,293
c1bbd6f8717c799c,https://jm.linkedin.com/jobs/view/anlagenmechaniker-monteur-m-w-d-at-s%C3%BClzle-kopf-gmbh-4439900958,Anlagenmechaniker / Monteur  (m/w/d),,scraped,2026-07-17T21:46:15.109678,
e93c0c8217081055,https://jm.linkedin.com/jobs/view/e-commerce-sales-specialist-at-talentpop-app-4438428940,E-Commerce Sales Specialist,TalentPop App,posted,2026-07-17T21:46:25.574723,297
04dd4fecc2471c53,https://jm.linkedin.com/jobs/view/associate-manager-data-privacy-at-liberty-latin-america-4439427741,"Associate Manager, Data Privacy",Liberty Latin America,posted,2026-07-17T21:46:30.617604,456
8853cd8e5f397bd8,https://jm.linkedin.com/jobs/view/logistics-coordination-sales-engagement-specialist-at-talentpop-app-4439202119,Logistics Coordination & Sales Engagement Specialist,TalentPop App,posted,2026-07-17T21:46:35.196669,480
259a4d0d04409468,https://jm.linkedin.com/jobs/view/inside-sales-support-representative-remote-at-talentpop-app-4438708643,Inside Sales & Support Representative (Remote),TalentPop App,posted,2026-07-17T21:46:40.012176,486
8099c70e3959e3f2,https://jm.linkedin.com/jobs/view/cx-team-lead-at-talentpop-app-4438759722,CX Team Lead,TalentPop App,posted,2026-07-17T21:46:45.096506,470
f5cc450cbc393671,https://jm.linkedin.com/jobs/view/e-commerce-sales-associate-remote-at-talentpop-app-4438496979,E-commerce Sales Associate (Remote),TalentPop App,posted,2026-07-17T21:46:53.579514,484
74e04979bb41218b,https://jm.linkedin.com/jobs/view/mystery-shopper-for-hotels-at-guest-delight-international-gdi-4441142795,Mystery Shopper for Hotels,,scraped,2026-07-17T21:46:56.209301,
39bbc2a98f8496d5,https://jm.linkedin.com/jobs/view/inside-sales-support-representative-remote-at-talentpop-app-4438499847,Inside Sales & Support Representative (Remote),TalentPop App,posted,2026-07-17T21:47:04.740278,486
c4b68c2688e71eab,https://jm.linkedin.com/jobs/view/digital-sales-support-representative-at-talentpop-app-4437232869,Digital Sales & Support Representative,TalentPop App,posted,2026-07-17T21:47:11.385080,221
fa0d64b7cf698344,https://jm.linkedin.com/jobs/view/senior-accounting-manager-at-veta-virtual-4440614997,Senior Accounting Manager,,scraped,2026-07-17T21:47:18.000158,
9939af1708bf9d79,https://jm.linkedin.com/jobs/view/temporary-groundsman-at-caithness-chemicals-limited-4439917648,Temporary Groundsman,CAITHNESS CHEMICALS LIMITED,posted,2026-07-17T21:47:30.709362,488
cabac372b411cccb,https://jm.linkedin.com/jobs/view/deputy-head-of-centre-yorkshire-dales-at-journal-of-adventure-education-and-outdoor-learning-jaeol-4438994546,Deputy Head of Centre - Yorkshire Dales,Journal of Adventure Education and Outdoor Learning (JAEOL),posted,2026-07-17T21:47:39.721996,490
1a20720747fa0d82,https://jm.linkedin.com/jobs/view/analista-de-supply-chain-jr-at-allianca-consultoria-e-recursos-humanos-4439494222,Analista de Supply Chain Jr.,Allianca Consultoria E Recursos Humanos,posted,2026-07-17T21:47:47.930167,492
ebbd6e6496625017,https://jm.linkedin.com/jobs/view/french-speaking-hotel-representative-at-transat-4440345417,French Speaking Hotel Representative,,scraped,2026-07-17T21:47:50.446911,
98f2ed4d04516fd0,https://jm.linkedin.com/jobs/view/training-design-specialist-atco-to-malm%C3%B6-at-entry-point-north-espa%C3%B1a-4441939129,Training Design Specialist ATCO to Malmö,,scraped,2026-07-17T21:47:56.826772,
cb3e644c8ff7d171,https://jm.linkedin.com/jobs/view/technische-systemplaner-zeichner-%E2%80%93-tga-m-w-d-at-s%C3%BClzle-kopf-gmbh-4439144771,Technische Systemplaner / Zeichner – TGA (m/w/d),,scraped,2026-07-17T21:48:04.076625,
2b47c4843b1c05b5,https://jm.linkedin.com/jobs/view/analista-de-sourcing-sr-at-allianca-consultoria-e-recursos-humanos-4439494221,Analista de Sourcing SR,Allianca Consultoria E Recursos Humanos,posted,2026-07-17T21:48:18.594087,494
bfae54e435456e36,https://jm.linkedin.com/jobs/view/influencer-marketing-specialist-at-talentpop-app-4437638863,Influencer Marketing Specialist,TalentPop App,posted,2026-07-17T21:48:23.427321,438
6de92658a7b58695,https://jm.linkedin.com/jobs/view/shopify-gorgias-customer-support-agent-at-talentpop-app-4438444184,Shopify/ Gorgias Customer Support Agent,TalentPop App,posted,2026-07-17T21:48:28.132192,299
c1882c473beee63d,https://jm.linkedin.com/jobs/view/customer-and-sales-engagement-specialist-at-talentpop-app-4437650487,Customer and Sales Engagement Specialist,TalentPop App,posted,2026-07-17T21:48:36.897431,241
0b435a90295a3e97,https://jm.linkedin.com/jobs/view/customer-support-and-sales-specialist-at-talentpop-app-4438448048,Customer Support and Sales Specialist,TalentPop App,posted,2026-07-17T21:48:41.514425,293
10a283f0f530c6ce,https://jm.linkedin.com/jobs/view/sales-support-rep-%E2%80%93-email-chat-remote-at-talentpop-app-4438430937,Sales Support Rep – Email & Chat (Remote),TalentPop App,posted,2026-07-17T21:48:46.207652,295
0cbf65e243b2f37f,https://jm.linkedin.com/jobs/view/online-order-support-va-at-talentpop-app-4438793285,Online Order Support VA,TalentPop App,posted,2026-07-17T21:48:51.008189,227
7614e426b2b6e495,https://jm.linkedin.com/jobs/view/sales-driven-customer-support-specialist-at-talentpop-app-4438437718,Sales-Driven Customer Support Specialist,TalentPop App,posted,2026-07-17T21:49:01.685409,496
05372d43d31d6a28,https://jm.linkedin.com/jobs/view/online-order-support-va-at-talentpop-app-4439204058,Online Order Support VA,TalentPop App,posted,2026-07-17T21:49:06.219006,227
be48f5a6c7d844a7,https://jm.linkedin.com/jobs/view/e-commerce-sales-specialist-at-talentpop-app-4438428907,E-Commerce Sales Specialist,TalentPop App,posted,2026-07-17T21:49:12.790704,297
4cedf2ee29c379ea,https://jm.linkedin.com/jobs/view/shopify-gorgias-customer-support-agent-at-talentpop-app-4438430930,Shopify/ Gorgias Customer Support Agent,TalentPop App,posted,2026-07-17T21:49:17.420183,299
179269103a8accbd,https://jm.linkedin.com/jobs/view/digital-sales-va-at-talentpop-app-4438433890,Digital Sales VA,TalentPop App,posted,2026-07-17T21:49:21.895503,231
0e0a9cd23f1795db,https://jm.linkedin.com/jobs/view/customer-support-agent-at-talentpop-app-4438709664,Customer Support Agent,TalentPop App,posted,2026-07-17T21:49:26.462789,195
8f0ee319fa7b4136,https://jm.linkedin.com/jobs/view/customer-support-agent-at-talentpop-app-4438433853,Customer Support Agent,TalentPop App,scraped,2026-07-17T21:49:30.537657,
46b376ca08110219,https://jm.linkedin.com/jobs/view/remote-shopping-cart-rescue-sales-specialist-at-talentpop-app-4438792396,Remote Shopping Cart Rescue & Sales Specialist,TalentPop App,posted,2026-07-17T21:49:41.903407,498
eb6a1ce45d9bf0ab,https://jm.linkedin.com/jobs/view/programme-administrator-0780-at-transport-for-wales-4440736852,Programme Administrator (0780),,scraped,2026-07-17T21:49:44.463653,
f15420cdd114d00a,https://jm.linkedin.com/jobs/view/digital-sales-support-representative-at-talentpop-app-4437248345,Digital Sales & Support Representative,TalentPop App,posted,2026-07-17T21:49:55.701009,221
b688fa3d1a5d34fa,https://jm.linkedin.com/jobs/view/digital-sales-support-representative-at-talentpop-app-4437233776,Digital Sales & Support Representative,TalentPop App,posted,2026-07-17T21:50:02.481521,221
cc0c79f16aa5dcd9,https://jm.linkedin.com/jobs/view/digital-sales-va-at-talentpop-app-4438431921,Digital Sales VA,TalentPop App,posted,2026-07-17T21:50:09.613307,231
223850c32a5b6a1e,https://jm.linkedin.com/jobs/view/digital-sales-support-representative-at-talentpop-app-4438796255,Digital Sales & Support Representative,TalentPop App,posted,2026-07-17T21:50:14.232744,221
5fa24809c73ea697,https://jm.linkedin.com/jobs/view/inside-sales-support-representative-remote-at-talentpop-app-4438497837,Inside Sales & Support Representative (Remote),TalentPop App,posted,2026-07-17T21:50:18.807507,486
07c4a10a461be806,https://jm.linkedin.com/jobs/view/virtual-revenue-closing-expert-at-talentpop-app-4437647662,Virtual Revenue Closing Expert,TalentPop App,posted,2026-07-17T21:50:23.528668,205
0c6765327426a98f,https://jm.linkedin.com/jobs/view/business-development-representative-at-ottomatik-io-4440662421,Business Development Representative,Ottomatik.io,posted,2026-07-17T21:50:29.393359,103
d2586212eb5f2622,https://jm.linkedin.com/jobs/view/shopify-gorgias-customer-support-agent-at-talentpop-app-4438441667,Shopify/ Gorgias Customer Support Agent,TalentPop App,posted,2026-07-17T21:50:34.049125,299
563930cd4244332b,https://jm.linkedin.com/jobs/view/sales-development-representative-at-ottomatik-io-4440664322,Sales Development Representative,Ottomatik.io,posted,2026-07-17T21:50:41.883977,145
7338e87fc0cfc046,https://jm.linkedin.com/jobs/view/store-trainer-at-brookshire-grocery-company-4441228975,Store Trainer,Brookshire Grocery Company,posted,2026-07-17T21:50:50.864216,500
b9afc1c4cd26df17,https://jm.linkedin.com/jobs/view/sales-driven-customer-support-specialist-at-talentpop-app-4438432903,Sales-Driven Customer Support Specialist,TalentPop App,posted,2026-07-17T21:50:55.425509,496
000e12855b9cda39,https://jm.linkedin.com/jobs/view/customer-advocate-inbound-sales-at-talentpop-app-4437243492,Customer Advocate (Inbound Sales),TalentPop App,posted,2026-07-17T21:51:04.061547,502
a004989b7d6a5bc4,https://jm.linkedin.com/jobs/view/online-order-support-va-at-talentpop-app-4438796266,Online Order Support VA,TalentPop App,posted,2026-07-17T21:51:10.822804,227
dbf6c0f288c53d4a,https://jm.linkedin.com/jobs/view/online-order-support-va-at-talentpop-app-4437241492,Online Order Support VA,TalentPop App,scraped,2026-07-17T21:51:14.748122,
2f865548255ae737,https://jm.linkedin.com/jobs/view/sales-driven-customer-support-specialist-at-talentpop-app-4438432876,Sales-Driven Customer Support Specialist,TalentPop App,posted,2026-07-17T21:51:19.277318,496
c7ea5a1a0aa276cb,https://jm.linkedin.com/jobs/view/sales-driven-customer-support-specialist-at-talentpop-app-4438439761,Sales-Driven Customer Support Specialist,TalentPop App,scraped,2026-07-17T21:51:23.332459,
85de247d9be88b8a,https://jm.linkedin.com/jobs/view/digital-sales-support-representative-at-talentpop-app-4438797218,Digital Sales & Support Representative,TalentPop App,scraped,2026-07-17T21:51:27.443437,
dfb5408da39fe014,https://jm.linkedin.com/jobs/view/cx-team-lead-at-talentpop-app-4438768101,CX Team Lead,TalentPop App,posted,2026-07-17T21:51:34.158488,470
921e0bff085585e7,https://jm.linkedin.com/jobs/view/digital-sales-va-at-talentpop-app-4438443216,Digital Sales VA,TalentPop App,posted,2026-07-17T21:51:38.905187,231
4f1e64fe1721b2e2,https://jm.linkedin.com/jobs/view/influencer-marketing-specialist-at-talentpop-app-4437638829,Influencer Marketing Specialist,TalentPop App,posted,2026-07-17T21:51:43.388552,438
617f890eafcf1943,https://jm.linkedin.com/jobs/view/customer-support-and-sales-specialist-at-talentpop-app-4438434834,Customer Support and Sales Specialist,TalentPop App,posted,2026-07-17T21:51:52.092068,293
e0746efbd36a60ec,https://jm.linkedin.com/jobs/view/cx-team-lead-at-talentpop-app-4438760708,CX Team Lead,TalentPop App,posted,2026-07-17T21:51:56.699291,470
549adc0ddecc3261,https://jm.linkedin.com/jobs/view/treasury-analyst-at-veta-virtual-4439875101,Treasury Analyst,,scraped,2026-07-17T21:51:59.209960,
6de83cc6a583f487,https://jm.linkedin.com/jobs/view/customer-support-and-sales-specialist-at-talentpop-app-4438450014,Customer Support and Sales Specialist,TalentPop App,posted,2026-07-17T21:52:11.459732,293
ac1292084f7dac24,https://jm.linkedin.com/jobs/view/seo-assistant-at-talentpop-app-4437652216,SEO Assistant,TalentPop App,posted,2026-07-17T21:52:16.319425,209
c815c66ec0d95aed,https://jm.linkedin.com/jobs/view/logistics-coordination-sales-engagement-specialist-at-talentpop-app-4438782950,Logistics Coordination & Sales Engagement Specialist,TalentPop App,posted,2026-07-17T21:52:21.300762,480
df4c8b04ebcc6250,https://jm.linkedin.com/jobs/view/graphic-designer-at-talentpop-app-4437647702,Graphic Designer,TalentPop App,posted,2026-07-17T21:52:25.933300,197
8634bf7b90b132a8,https://jm.linkedin.com/jobs/view/sales-support-va-at-talentpop-app-4437643725,Sales & Support VA,TalentPop App,posted,2026-07-17T21:52:30.693987,237
49d573704afa66b6,https://jm.linkedin.com/jobs/view/sales-support-va-at-talentpop-app-4437652179,Sales & Support VA,TalentPop App,posted,2026-07-17T21:52:35.362830,237
e4c5c089a6b00421,https://jm.linkedin.com/jobs/view/remote-client-conversion-specialist-at-talentpop-app-4438701796,Remote Client Conversion Specialist,TalentPop App,posted,2026-07-17T21:52:40.001399,482
e45e26970f3848bb,https://jm.linkedin.com/jobs/view/e-commerce-sales-specialist-at-talentpop-app-4438432877,E-Commerce Sales Specialist,TalentPop App,posted,2026-07-17T21:52:46.796744,297
ef5f4d1642539861,https://jm.linkedin.com/jobs/view/customer-and-sales-engagement-specialist-at-talentpop-app-4437636912,Customer and Sales Engagement Specialist,TalentPop App,posted,2026-07-17T21:52:51.396426,241
1c843b1c60e09f60,https://jm.linkedin.com/jobs/view/sales-support-rep-%E2%80%93-email-chat-remote-at-talentpop-app-4438438706,Sales Support Rep – Email & Chat (Remote),TalentPop App,posted,2026-07-17T21:52:56.177230,295
3f7306212d9f168f,https://jm.linkedin.com/jobs/view/sales-driven-customer-support-specialist-at-talentpop-app-4438448084,Sales-Driven Customer Support Specialist,TalentPop App,posted,2026-07-17T21:53:00.773995,496
90636cbf1457fb37,https://jm.linkedin.com/jobs/view/sales-driven-customer-support-specialist-at-talentpop-app-4438439788,Sales-Driven Customer Support Specialist,TalentPop App,scraped,2026-07-17T21:53:04.609189,
c59eb629cd2d04c0,https://jm.linkedin.com/jobs/view/graphic-designer-at-talentpop-app-4437638877,Graphic Designer,TalentPop App,posted,2026-07-17T21:53:09.525919,197
7dbb87a920201599,https://jm.linkedin.com/jobs/view/graphic-designer-at-talentpop-app-4437653140,Graphic Designer,TalentPop App,posted,2026-07-17T21:53:14.341378,197
c1c5cb4690740e5e,https://jm.linkedin.com/jobs/view/inside-sales-support-representative-remote-at-talentpop-app-4438498925,Inside Sales & Support Representative (Remote),TalentPop App,posted,2026-07-17T21:53:19.263103,486
c193c9cf939b1ec2,https://jm.linkedin.com/jobs/view/e-commerce-sales-associate-remote-at-talentpop-app-4438495923,E-commerce Sales Associate (Remote),TalentPop App,posted,2026-07-17T21:53:23.794534,484
05475fc43571a2c5,https://jm.linkedin.com/jobs/view/customer-service-officer-jamaica-temporary-role-4441628639,Customer Service Officer - Jamaica (Temporary Role),CMA CGM Jamaica,posted,2026-07-17T21:53:31.390037,504
ca4c033cb6c742da,https://jm.linkedin.com/jobs/view/senior-executive-assistant-to-the-ceo-at-veta-virtual-4439422294,Senior Executive Assistant to the CEO,,scraped,2026-07-17T21:53:33.961993,
1e28bc9c8a1ee156,https://jm.linkedin.com/jobs/view/content-creator-%2B-social-manager%0A-photography-videography-at-evrgrn-creative-marketing-4441605484,"content creator + social manager
(photography & videography)",,scraped,2026-07-17T21:53:39.952011,
e90e5df2f1b034d9,https://jm.linkedin.com/jobs/view/legal-administrative-billing-assistant-at-veta-virtual-4439867470,Legal Administrative & Billing Assistant,,scraped,2026-07-17T21:53:45.892289,
d0c1f42711607fa4,https://jm.linkedin.com/jobs/view/social-media-content-creator-at-om-solutionz-pvt-ltd-4441185785,Social Media/ Content Creator,,scraped,2026-07-17T21:53:53.868325,
b81f7826d7af4c8d,https://jm.linkedin.com/jobs/view/lifestyle-assistant-at-carebase-4438453743,Lifestyle Assistant,,scraped,2026-07-17T21:54:05.424290,
a17179a2479965d2,https://jm.linkedin.com/jobs/view/seasonal-supervisor-kingston-upon-thames-at-whittard-of-chelsea-4441323490,Seasonal Supervisor - Kingston-Upon-Thames,,scraped,2026-07-17T21:54:14.862288,
e6128ff04937efa4,https://jm.linkedin.com/jobs/view/commis-d-entrep%C3%B4t-temporaire-at-lineage-4439902961,Commis d'Entrepôt (Temporaire),Lineage,posted,2026-07-17T21:54:28.377254,506
0d4e744e9df7590a,https://jm.linkedin.com/jobs/view/apparel-design-intern-at-chicknlegs-4441991999,Apparel Design Intern,ChicknLegs,posted,2026-07-17T21:54:39.185238,508
4a9c1c83c9191c42,https://jm.linkedin.com/jobs/view/senior-lawyer-inquest-team-at-nwssp-legal-risk-services-4441302924,Senior Lawyer - Inquest Team,,scraped,2026-07-17T21:54:43.723103,
a865d2dc41651a31,https://jm.linkedin.com/jobs/view/graphic-artist-at-sagicor-group-jamaica-limited-4442197246,Graphic Artist,,scraped,2026-07-19T21:39:03.615191,
20442a755dfa266d,https://jm.linkedin.com/jobs/view/document-preparation-assistant-contract-at-sagicor-group-jamaica-limited-4442188631,Document Preparation Assistant (Contract),,scraped,2026-07-19T21:39:10.820314,
c76d26ec95e9b997,https://jm.linkedin.com/jobs/view/program-coordinator-jamaica-at-food-for-the-poor-4439245806,Program Coordinator- Jamaica,Food For The Poor,posted,2026-07-19T21:39:37.373920,510
8a754f562af3ba41,https://jm.linkedin.com/jobs/view/assistant-manager-wellbeing-at-scotiabank-4441382387,"Assistant Manager, Wellbeing",,scraped,2026-07-19T21:39:40.061230,
1ad8847045bd2ef3,https://jm.linkedin.com/jobs/view/facilities-technician-at-optimum-4442188408,Facilities Technician,Optimum,posted,2026-07-19T21:39:55.175158,512
2fd98d41a6892a9b,https://jm.linkedin.com/jobs/view/audit-staff-at-ey-4441344201,Audit Staff,EY,posted,2026-07-19T21:40:06.133787,514
bd68676585946bd6,https://jm.linkedin.com/jobs/view/sports-specialist-at-billings-family-ymca-4442545585,Sports Specialist,Billings Family YMCA,posted,2026-07-19T21:40:15.561558,516
8e93b79b10253d13,https://jm.linkedin.com/jobs/view/sales-development-professional-jamaica-at-cma-cgm-4441611095,Sales Development Professional - Jamaica,CMA CGM,posted,2026-07-19T21:40:33.455861,518
33c0aa7aaec7f3c3,https://jm.linkedin.com/jobs/view/content-manager-at-i-c-d-s-integrated-communications-digital-solutions-inc-4440651091,CONTENT MANAGER,I.C.D.S. (Integrated Communications &amp; Digital Solutions) Inc.,posted,2026-07-19T21:40:41.810143,520
acc1ba4262b627c5,https://jm.linkedin.com/jobs/view/delivery-driver-at-papa-johns-4414718703,Delivery Driver,Papa Johns,posted,2026-07-19T21:40:46.639798,386
10af62a085d0eb66,https://jm.linkedin.com/jobs/view/internal-audit-operations-officer-at-bert-s-auto-parts-ltd-4441652824,Internal Audit Operations Officer,Bert's Auto Parts Ltd.,posted,2026-07-19T21:40:57.686269,522
3ab0f9263da30eca,https://jm.linkedin.com/jobs/view/storeroom-clerk-at-bert-s-auto-parts-ltd-4441656331,Storeroom Clerk,Bert's Auto Parts Ltd.,posted,2026-07-19T21:41:06.468640,524
cae07f558971cb9f,https://jm.linkedin.com/jobs/view/executive-assistant-at-ey-4439266344,Executive Assistant,EY,posted,2026-07-19T21:41:20.981952,526
ca913a9a03790668,https://jm.linkedin.com/jobs/view/lexy-barlow-at-race-like-a-grrl%21-4441770389,Lexy Barlow,Race Like a GRRL!,posted,2026-07-19T21:41:29.705497,528
2c4ece77d526cc82,https://jm.linkedin.com/jobs/view/sales-support-rep-%E2%80%93-email-chat-remote-at-talentpop-app-4438444234,Sales Support Rep – Email & Chat (Remote),TalentPop App,posted,2026-07-19T21:41:34.664699,295
ed530de9648a0d19,https://jm.linkedin.com/jobs/view/occupational-health-safety-and-environmental-analyst-at-acerh-caribe-4441358888,"Occupational Health, Safety and Environmental Analyst",ACERH Caribe,posted,2026-07-19T21:41:47.623967,530
f5ebf6dc66eed002,https://jm.linkedin.com/jobs/view/customer-support-agent-at-talentpop-app-4438700851,Customer Support Agent,TalentPop App,posted,2026-07-19T21:41:54.339536,195
1e32fddde234b0ab,https://jm.linkedin.com/jobs/view/housekeeper-at-moon-hill-jamaica-villas-tours-4439424882,Housekeeper,Moon Hill Jamaica Villas &amp; Tours,posted,2026-07-19T21:42:03.696779,532
b345d3e3917a9825,https://jm.linkedin.com/jobs/view/debbie-briscoe-at-race-like-a-grrl%21-4441773326,Debbie Briscoe,Race Like a GRRL!,posted,2026-07-19T21:42:14.454722,534
782968ddfa6301d0,https://jm.linkedin.com/jobs/view/e-commerce-sales-support-specialist-at-talentpop-app-4438790446,E-Commerce Sales Support Specialist,TalentPop App,posted,2026-07-19T21:42:23.199723,430
a8df8804556cc3aa,https://jm.linkedin.com/jobs/view/customer-service-representative-at-talentpop-app-4437238574,Customer Service Representative,TalentPop App,posted,2026-07-19T21:42:33.901403,219
deab7873a56c9d0d,https://jm.linkedin.com/jobs/view/e-commerce-sales-support-specialist-at-talentpop-app-4439621362,E-Commerce Sales Support Specialist,TalentPop App,scraped,2026-07-19T21:42:37.982102,
87bbd918ab650771,https://jm.linkedin.com/jobs/view/e-commerce-sales-specialist-at-talentpop-app-4438446241,E-Commerce Sales Specialist,TalentPop App,posted,2026-07-19T21:42:46.651118,297
821e4b4300051364,https://jm.linkedin.com/jobs/view/e-commerce-sales-specialist-at-talentpop-app-4438450032,E-Commerce Sales Specialist,TalentPop App,posted,2026-07-19T21:42:51.357361,297
ae1700cfaa137496,https://jm.linkedin.com/jobs/view/e-commerce-sales-specialist-at-talentpop-app-4438446204,E-Commerce Sales Specialist,TalentPop App,posted,2026-07-19T21:42:56.036846,297
1064a55138631b98,https://jm.linkedin.com/jobs/view/e-commerce-sales-associate-remote-at-talentpop-app-4439620441,E-commerce Sales Associate (Remote),TalentPop App,posted,2026-07-19T21:43:00.733474,484
8b9f485e310db098,https://jm.linkedin.com/jobs/view/customer-retention-specialist-at-talentpop-app-4438438725,Customer Retention Specialist,TalentPop App,posted,2026-07-19T21:43:09.449982,536
a91458c2cfe0a448,https://jm.linkedin.com/jobs/view/sales-customer-success-specialist-brand-concierge-100%25-remote-at-talentpop-app-4438715054,Sales & Customer Success Specialist (Brand Concierge) | 100% Remote,TalentPop App,posted,2026-07-19T21:43:19.061813,538
9a81fb30b1ad32a6,https://jm.linkedin.com/jobs/view/digital-sales-support-representative-at-talentpop-app-4438783884,Digital Sales & Support Representative,TalentPop App,posted,2026-07-19T21:43:25.762952,221
f780537dee93a26a,https://jm.linkedin.com/jobs/view/seo-assistant-at-talentpop-app-4437646728,SEO Assistant,TalentPop App,posted,2026-07-19T21:43:30.460475,209
ac7dd031b8b92cfb,https://jm.linkedin.com/jobs/view/seo-assistant-at-talentpop-app-4437657034,SEO Assistant,TalentPop App,posted,2026-07-19T21:43:37.121709,209
e83eccac39afa6e2,https://jm.linkedin.com/jobs/view/shopify-gorgias-customer-support-agent-at-talentpop-app-4438430938,Shopify/ Gorgias Customer Support Agent,TalentPop App,posted,2026-07-19T21:43:44.116250,299
fe88252bb8fd6704,https://jm.linkedin.com/jobs/view/e-commerce-sales-support-specialist-at-talentpop-app-4439609699,E-Commerce Sales Support Specialist,TalentPop App,posted,2026-07-19T21:43:48.989002,430
fef062fdb1bb859e,https://jm.linkedin.com/jobs/view/inside-sales-support-representative-remote-at-talentpop-app-4439616511,Inside Sales & Support Representative (Remote),TalentPop App,posted,2026-07-19T21:43:53.645388,486
ac139ed6fecf53e3,https://jm.linkedin.com/jobs/view/customer-retention-specialist-at-talentpop-app-4439628140,Customer Retention Specialist,TalentPop App,scraped,2026-07-19T21:44:01.688891,
e20806d2862a0fa7,https://jm.linkedin.com/jobs/view/shopify-gorgias-customer-support-agent-at-talentpop-app-4438431906,Shopify/ Gorgias Customer Support Agent,TalentPop App,posted,2026-07-19T21:44:06.409556,299
e8d9a2274fa1c62a,https://jm.linkedin.com/jobs/view/sales-customer-success-specialist-brand-concierge-100%25-remote-at-talentpop-app-4439616592,Sales & Customer Success Specialist (Brand Concierge) | 100% Remote,TalentPop App,posted,2026-07-19T21:44:11.273142,538
1ab95ec733262d0c,https://jm.linkedin.com/jobs/view/e-commerce-sales-support-specialist-at-talentpop-app-4439606949,E-Commerce Sales Support Specialist,TalentPop App,posted,2026-07-19T21:44:15.945288,430
410679287200578e,https://jm.linkedin.com/jobs/view/fashion-designer-at-rude-boy-drinks-4442470470,Fashion Designer,Rude Boy Drinks,posted,2026-07-19T21:44:28.824683,540
40f700237058b8fc,https://jm.linkedin.com/jobs/view/digital-sales-support-representative-at-talentpop-app-4439607838,Digital Sales & Support Representative,TalentPop App,posted,2026-07-19T21:44:33.697979,221
70c38a30ff1843da,https://jm.linkedin.com/jobs/view/sales-support-va-at-talentpop-app-4437659018,Sales & Support VA,TalentPop App,posted,2026-07-19T21:44:38.406607,237
676170168b10a540,https://jm.linkedin.com/jobs/view/sales-support-va-at-talentpop-app-4437657038,Sales & Support VA,TalentPop App,posted,2026-07-19T21:44:43.091166,237
8964b92d75d24e29,https://jm.linkedin.com/jobs/view/sales-support-va-at-talentpop-app-4437642773,Sales & Support VA,TalentPop App,posted,2026-07-19T21:44:48.122786,237
bbd155003018612e,https://jm.linkedin.com/jobs/view/sales-support-va-at-talentpop-app-4437643746,Sales & Support VA,TalentPop App,posted,2026-07-19T21:44:52.960139,237
b473135f24d5be37,https://jm.linkedin.com/jobs/view/sales-support-va-at-talentpop-app-4437643745,Sales & Support VA,TalentPop App,posted,2026-07-19T21:44:57.626270,237
98bfd1cdf74dd07e,https://jm.linkedin.com/jobs/view/sales-customer-success-specialist-brand-concierge-100%25-remote-at-talentpop-app-4439615526,Sales & Customer Success Specialist (Brand Concierge) | 100% Remote,TalentPop App,posted,2026-07-19T21:45:02.409604,538
464a7fd21e648998,https://jm.linkedin.com/jobs/view/customer-retention-specialist-at-talentpop-app-4439618466,Customer Retention Specialist,TalentPop App,posted,2026-07-19T21:45:23.196849,536
4e61ad56b538a47c,https://jm.linkedin.com/jobs/view/customer-and-sales-engagement-specialist-at-talentpop-app-4437654153,Customer and Sales Engagement Specialist,TalentPop App,posted,2026-07-19T21:45:33.966796,241
7bc18856ef7c8a5c,https://jm.linkedin.com/jobs/view/customer-and-sales-engagement-specialist-at-talentpop-app-4437642758,Customer and Sales Engagement Specialist,TalentPop App,posted,2026-07-19T21:45:38.549908,241
35519fdefc577b22,https://jm.linkedin.com/jobs/view/customer-and-sales-engagement-specialist-at-talentpop-app-4437655086,Customer and Sales Engagement Specialist,TalentPop App,posted,2026-07-19T21:45:45.345505,241
2319e7ff348d767d,https://jm.linkedin.com/jobs/view/customer-and-sales-engagement-specialist-at-talentpop-app-4437646663,Customer and Sales Engagement Specialist,TalentPop App,scraped,2026-07-19T21:45:53.330960,
f961b9bfb4d2aa2a,https://jm.linkedin.com/jobs/view/fraud-prevention-agent-backoffice-at-ibex-4401664697,Fraud Prevention Agent (Backoffice),ibex,posted,2026-07-19T21:46:02.891505,542
e92016e1033f8767,https://jm.linkedin.com/jobs/view/software-engineer-4441277236,Software Engineer,Baltic Enterprise Ltd.,posted,2026-07-19T21:46:10.168119,544
2f90849ec7ead6a7,https://jm.linkedin.com/jobs/view/e-commerce-sales-support-specialist-at-talentpop-app-4437247376,E-Commerce Sales Support Specialist,TalentPop App,scraped,2026-07-19T21:46:16.217319,
e5f25ec99b995180,https://jm.linkedin.com/jobs/view/digital-sales-support-representative-at-talentpop-app-4438782932,Digital Sales & Support Representative,TalentPop App,posted,2026-07-19T21:46:23.038107,221
d6c44ef00ff89218,https://jm.linkedin.com/jobs/view/customer-advocate-inbound-sales-at-talentpop-app-4437241484,Customer Advocate (Inbound Sales),TalentPop App,posted,2026-07-19T21:46:27.859554,502
a0ae16701754b008,https://jm.linkedin.com/jobs/view/digital-sales-support-representative-at-talentpop-app-4439623347,Digital Sales & Support Representative,TalentPop App,posted,2026-07-19T21:46:34.597578,221
676d334b4c1b9fce,https://jm.linkedin.com/jobs/view/digital-sales-va-at-talentpop-app-4438439779,Digital Sales VA,TalentPop App,posted,2026-07-19T21:46:39.303458,231
3b3a6a8079b836cc,https://jm.linkedin.com/jobs/view/heart-trainee-underwriting-provider-medical-examination-services-at-sagicor-group-jamaica-limited-4443367211,"HEART Trainee - Underwriting, Provider & Medical Examination Services",,scraped,2026-07-21T22:14:26.971715,
8a1eeb2ce5659bdf,https://jm.linkedin.com/jobs/view/ui-visual-designer-at-csoft-limited-4439978418,UI & Visual Designer,CSOFT LIMITED,posted,2026-07-21T22:14:55.758394,546
4f7e94d88993e87f,https://jm.linkedin.com/jobs/view/client-relations-officer-at-the-jamaica-national-group-4442667809,Client Relations Officer,The Jamaica National Group,posted,2026-07-21T22:15:11.292787,548
eec36459ef91727a,https://jm.linkedin.com/jobs/view/record-your-daily-routine-get-paid-ai-training-remote-at-mindrift-data-annotation-projects-4443351038,Record Your Daily Routine & Get Paid - AI Training (Remote),Mindrift Data Annotation Projects,posted,2026-07-21T22:15:18.000859,183
293f33a2ef14b317,https://jm.linkedin.com/jobs/view/full-time-ux-designer-design-systems-at-open-source-design-4441934837,Full-time UX Designer - Design systems,Open Source Design,posted,2026-07-21T22:15:27.080956,550
57dae91ee8c6c9ab,https://jm.linkedin.com/jobs/view/design-internship-at-danger-zone-marketing-4443550780,Design Internship,Danger Zone Marketing,posted,2026-07-21T22:15:36.085897,371
c122592842ca35d2,https://jm.linkedin.com/jobs/view/actuarial-manager-non-life-at-pwc-jamaica-4439267664,Actuarial Manager (Non-Life),PwC Jamaica,posted,2026-07-21T22:16:00.703673,552
7d1274a9f4b841a7,https://jm.linkedin.com/jobs/view/trainer-at-hgs-4442675929,Trainer,HGS,posted,2026-07-21T22:16:09.763008,554
43d569c37e96ad05,https://jm.linkedin.com/jobs/view/project-management-assistant-at-network-rail-4443553618,Project Management Assistant,,scraped,2026-07-21T22:16:12.326281,
397325c69b3f1f28,https://jm.linkedin.com/jobs/view/content-manager-at-farsight-management-4440484616,Content Manager,,scraped,2026-07-21T22:16:19.240109,
4edbb6d62717ee03,https://jm.linkedin.com/jobs/view/open-sollicitatie-at-hibernis-4442572184,Open sollicitatie,,scraped,2026-07-21T22:16:29.715999,
35d754b18bcd16cd,https://jm.linkedin.com/jobs/view/general-manager-at-ilds-international-employment-agency-4441732872,General Manager,ILDS International Employment Agency,posted,2026-07-21T22:16:50.013293,556
e1f7e2fd60635de7,https://jm.linkedin.com/jobs/view/mathematics-tutor-at-mathwhiz-academy-4442093623,Mathematics Tutor,Mathwhiz Academy,posted,2026-07-21T22:17:04.086241,558
39e0e3c194808fde,https://jm.linkedin.com/jobs/view/content-writer-at-wizz-4440413416,Content Writer,Wizz,posted,2026-07-21T22:17:18.118887,560
90e52ebe9122e272,https://jm.linkedin.com/jobs/view/stage-developer-at-hibernis-4442570286,Stage Developer,,scraped,2026-07-21T22:17:22.746098,
40e3fc4940d5d5b3,https://jm.linkedin.com/jobs/view/legal-counsel-at-amber-group-limited-4441490356,Legal Counsel,,scraped,2026-07-21T22:17:28.965388,
0df1b198a05eda83,https://jm.linkedin.com/jobs/view/neurolov-ambassador-at-wizz-4440412435,Neurolov Ambassador,Wizz,posted,2026-07-21T22:17:41.981368,562
ad75048d490f0675,https://jm.linkedin.com/jobs/view/supv-sales-support-at-optimum-4442135265,Supv Sales Support,Optimum,posted,2026-07-21T22:17:51.080443,564
b46c587fb15e0b86,https://jm.linkedin.com/jobs/view/content-writer-mandarin-at-nestia-4442472562,Content Writer (Mandarin),Nestia,posted,2026-07-21T22:17:59.948374,566
6a6b057888c8dc6b,https://jm.linkedin.com/jobs/view/grocery-stocker-at-brookshire-grocery-company-4441241291,Grocery Stocker,Brookshire Grocery Company,posted,2026-07-21T22:18:11.010946,568
2eedf539719578cf,https://jm.linkedin.com/jobs/view/sales-appointment-setter-full-remote-at-influx-4440164294,Sales Appointment Setter (Full Remote),,scraped,2026-07-21T22:18:13.603656,
00480786b06fbfc1,https://jm.linkedin.com/jobs/view/freelance-mobile-app-developer-ios-android-at-mindrift-4443313822,Freelance Mobile App Developer (iOS / Android),Mindrift,posted,2026-07-21T22:18:25.538231,570
70d118d985510f41,https://jm.linkedin.com/jobs/view/senior-manager-b2b-sales-enterprise-accounts-at-confidential-careers-4441116942,"Senior Manager, B2B Sales- Enterprise Accounts",Confidential Careers,posted,2026-07-21T22:18:37.794057,572
707bdc7de7869020,https://jm.linkedin.com/jobs/view/client-sales-representative-at-lime-vizio-inc-4442912026,"Client, Sales Representative",Lime Vizio Inc,posted,2026-07-21T22:18:49.565415,574
0cf818fd98612bec,https://jm.linkedin.com/jobs/view/dental-assistant-at-dentopia-dental-4441636106,Dental Assistant,Dentopia Dental,posted,2026-07-21T22:18:58.096900,576
69deecf3da876122,https://jm.linkedin.com/jobs/view/general-manager-at-papa-johns-4440744493,General Manager,Papa Johns,posted,2026-07-21T22:19:03.176280,556
74a543285cb07aa7,https://jm.linkedin.com/jobs/view/cook-at-legendary-chess-academy-limited-4442547786,Cook,,scraped,2026-07-21T22:19:05.765193,
1e0141a609e6ac4c,https://jm.linkedin.com/jobs/view/national-gender-equality-and-social-inclusion-specialist-at-fao-4440167008,National Gender Equality and Social Inclusion Specialist,,scraped,2026-07-21T22:19:12.510304,
1ed5817e763ea11a,https://jm.linkedin.com/jobs/view/accounting-analyst-at-bert-s-auto-parts-ltd-4441667292,Accounting Analyst,Bert's Auto Parts Ltd.,posted,2026-07-21T22:19:25.287831,578
69189585b133d0f0,https://jm.linkedin.com/jobs/view/pov-video-recording-job-cooking-cleaning-daily-tasks-at-mindrift-data-annotation-projects-4443314884,"POV Video Recording Job - Cooking, Cleaning, Daily Tasks",Mindrift Data Annotation Projects,posted,2026-07-21T22:19:34.807829,580
30dbb89d8f93c5d4,https://jm.linkedin.com/jobs/view/investment-operations-specialist-freelance-project-at-meridial-marketplace-by-invisible-4338410538,Investment Operations Specialist - Freelance Project,"Meridial Marketplace, by Invisible",posted,2026-07-21T22:19:42.420499,582
cfbb1f80a52759b2,https://jm.linkedin.com/jobs/view/compliance-associate-at-ibex-4440483828,Compliance Associate,ibex,posted,2026-07-21T22:19:51.403234,584
b793175c9edd3c8c,https://jm.linkedin.com/jobs/view/sales-representative-at-ibex-3887797282,Sales Representative,ibex,posted,2026-07-21T22:20:00.144429,586
4620a58040ebca52,https://jm.linkedin.com/jobs/view/senior-b2b-sales-executive-%E2%80%93-technology-print-solutions-jamaican-company-at-egate-solutions-4442604694,Senior B2B Sales Executive – Technology & Print Solutions-Jamaican company,eGate Solutions,posted,2026-07-21T22:20:11.218115,588
0edd6a65d1a7258e,https://jm.linkedin.com/jobs/view/customer-experience-specialist-tier-2-at-liberty-of-puerto-rico-4440296260,Customer Experience Specialist - Tier 2,Liberty of Puerto Rico,posted,2026-07-21T22:20:16.047467,404
53683bd6e146ae6e,https://jm.linkedin.com/jobs/view/mental-health-counselor-at-telus-health-4443541216,Mental Health Counselor,,scraped,2026-07-21T22:20:18.613298,
607ace64ba9b6a26,https://jm.linkedin.com/jobs/view/non-cdl-delivery-driver-at-a-p-moller-maersk-4441687096,Non CDL Delivery Driver,,scraped,2026-07-21T22:20:25.414742,
5b6fe21af8f4b6fe,https://jm.linkedin.com/jobs/view/automotive-mobile-adas-technician-at-gerber-collision-glass-4439966296,Automotive Mobile ADAS Technician,Gerber Collision &amp; Glass,posted,2026-07-21T22:20:34.297921,325
f1e0d28ee27194fa,https://jm.linkedin.com/jobs/view/self-service-implementation-specialist-freelance-project-at-meridial-marketplace-by-invisible-4358411714,Self Service Implementation Specialist - Freelance Project,"Meridial Marketplace, by Invisible",posted,2026-07-21T22:20:42.181649,590
de062f84e111e3f1,https://jm.linkedin.com/jobs/view/tier-ii-engineer-1-at-digicel-group-4440417139,Tier II Engineer 1,,scraped,2026-07-21T22:20:44.873364,
66a83156d9647cc5,https://jm.linkedin.com/jobs/view/mep-design-manager-at-thatcher-associates-4427345639,MEP Design Manager,,scraped,2026-07-21T22:20:53.573387,
6514ec5c23cd78f2,https://jm.linkedin.com/jobs/view/sales-advisor-kingston-upon-thames-at-whittard-of-chelsea-4441319541,Sales Advisor - Kingston-Upon-Thames,,scraped,2026-07-21T22:20:59.970721,
1757f6abc4be78ff,https://jm.linkedin.com/jobs/view/idb-invest-risk-management-senior-associates-or-officers-talent-pool-at-idb-invest-4430285081,IDB Invest - Risk Management Senior Associates or Officers - Talent Pool,IDB Invest,posted,2026-07-21T22:21:12.808116,592
73625432ab72337c,https://jm.linkedin.com/jobs/view/conversions-operations-specialist-freelance-project-at-meridial-marketplace-by-invisible-4366688535,Conversions Operations Specialist - Freelance Project,"Meridial Marketplace, by Invisible",posted,2026-07-21T22:21:20.478947,594
477f9a2da92af066,https://jm.linkedin.com/jobs/view/loan-processor-at-conduent-4443320245,Loan Processor,Conduent,posted,2026-07-21T22:21:31.097112,596
efdc8c1f5d762c4c,https://jm.linkedin.com/jobs/view/tax-manager-at-kpmg-in-jamaica-4429316133,Tax Manager,KPMG in Jamaica,posted,2026-07-21T22:21:41.842609,598
b0543706568d9aae,https://jm.linkedin.com/jobs/view/talent-pool-integrated-pest-control-representative-jamaica-at-ecolab-4404902220,Talent pool: Integrated Pest Control Representative (Jamaica),Ecolab,posted,2026-07-21T22:21:50.833054,600
7f3d57de24060331,https://jm.linkedin.com/jobs/view/watersports-team-leader-couples-swept-away-at-couples-resorts-4432597545,Watersports Team Leader - Couples Swept Away,Couples Resorts,posted,2026-07-21T22:21:59.737079,602
a06ab03397f24465,https://jm.linkedin.com/jobs/view/materials-engineering-specialist-at-telus-digital-ai-data-solutions-4442732651,Materials Engineering Specialist,TELUS Digital AI Data Solutions,posted,2026-07-21T22:22:07.846970,604
7ab542cb1a6fe85e,https://jm.linkedin.com/jobs/view/ai-data-annotator-at-telus-digital-ai-data-solutions-4442740356,AI Data Annotator,TELUS Digital AI Data Solutions,posted,2026-07-21T22:22:15.440026,606
9d505062acb97bf1,https://jm.linkedin.com/jobs/view/l2-support-engineer-alpha-remote-%2460-000-year-usd-at-crossover-4442693479,"L2 Support Engineer, Alpha (Remote) - $60,000/year USD",Crossover,posted,2026-07-21T22:22:24.567315,608
aa5fce1236b2d7a8,https://jm.linkedin.com/jobs/view/talent-pool-integrated-pest-control-representative-jamaica-at-ecolab-4404896702,Talent pool: Integrated Pest Control Representative (Jamaica),Ecolab,posted,2026-07-21T22:22:29.330309,600
a48202034bfcff2d,https://jm.linkedin.com/jobs/view/accountant-at-the-jamaica-national-group-4443153559,Accountant,The Jamaica National Group,failed|wp_post_failed,2026-07-23T22:35:03.368184,
fc2135d12e2dc84b,https://jm.linkedin.com/jobs/view/crew-team-member-at-patel-mcdonald-s-4442626243,Crew Team Member,Patel McDonald's,failed|wp_post_failed,2026-07-23T22:35:11.741973,
02f27be4630f267b,https://jm.linkedin.com/jobs/view/content-creator-at-primal-4443560778,Content Creator,,scraped,2026-07-23T22:35:16.323818,
f82054fd788d4149,https://jm.linkedin.com/jobs/view/coordinator-infrastructure-design-at-town-of-claremont-4444411936,Coordinator Infrastructure Design,,scraped,2026-07-23T22:35:25.948104,
7c24780e9ab41e98,https://jm.linkedin.com/jobs/view/the-introspect-circle-hoops-at-monom-jewellery-4444439006,THE INTROSPECT CIRCLE HOOPS,,scraped,2026-07-23T22:35:33.746799,
910236e9cf37fe8c,https://jm.linkedin.com/jobs/view/sustainability-coordinator-at-bat-4444021316,Sustainability Coordinator,,scraped,2026-07-23T22:35:48.572951,
ec1c624314d109de,https://jm.linkedin.com/jobs/view/housekeeper-at-moon-hill-jamaica-villas-tours-4443158643,Housekeeper,Moon Hill Jamaica Villas &amp; Tours,failed|wp_post_failed,2026-07-23T22:36:05.305037,
7c8c4fa813209d82,https://jm.linkedin.com/jobs/view/content-manager-remote-at-grapevine-local-food-marketing-4443187574,Content Manager (REMOTE),Grapevine Local Food Marketing,failed|wp_post_failed,2026-07-23T22:36:13.768579,
35f154ddfd229ed9,https://jm.linkedin.com/jobs/view/shopify-e-commerce-assistant-at-talentpop-app-4441092413,Shopify/ E-Commerce Assistant,TalentPop App,failed|wp_post_failed,2026-07-23T22:36:23.118152,
0890f702145036ef,https://jm.linkedin.com/jobs/view/analista-de-rh-pl-at-allianca-consultoria-e-recursos-humanos-4442907946,Analista de RH PL,Allianca Consultoria E Recursos Humanos,failed|wp_post_failed,2026-07-23T22:36:31.588334,
be45db03fa8bd1c3,https://jm.linkedin.com/jobs/view/social-media-content-creator-freelance-at-agenzia-perseo-4443746664,Social Media Content Creator - Freelance,,scraped,2026-07-23T22:36:34.140142,
853c3c7e5c20ca31,https://jm.linkedin.com/jobs/view/weddings-assistant-manager-at-grand-palladium-hotels-resorts-4444458612,Weddings Assistant Manager,,scraped,2026-07-23T22:36:40.834331,
7fa9609880cf90cd,https://jm.linkedin.com/jobs/view/feet-on-the-street-fots-agent-ksa-at-digicel-group-4430653594,Feet on the Street (FOTS) Agent | KSA,,scraped,2026-07-23T22:36:47.237335,
4aab9d7e35e58388,https://jm.linkedin.com/jobs/view/shopify-e-commerce-assistant-at-talentpop-app-4441097275,Shopify/ E-Commerce Assistant,TalentPop App,failed|wp_post_failed,2026-07-23T22:36:59.461302,
31d44206c6423c32,https://jm.linkedin.com/jobs/view/ssangyong-korando-at-automall-hungary-4440446617,Ssangyong Korando,,scraped,2026-07-23T22:37:02.042815,
4c5fc4f8ef075025,https://jm.linkedin.com/jobs/view/sales-support-rep-%E2%80%93-email-chat-remote-at-talentpop-app-4441098196,Sales Support Rep – Email & Chat (Remote),TalentPop App,failed|wp_post_failed,2026-07-23T22:37:14.319989,
e7dc97e62e19ccec,https://jm.linkedin.com/jobs/view/driver-helper-at-a-p-moller-maersk-4442184463,Driver Helper,,scraped,2026-07-23T22:37:16.845502,
aa96e50f50a0ecb7,https://jm.linkedin.com/jobs/view/influencer-partnerships-specialist-remote-at-talentpop-app-4441022194,Influencer Partnerships Specialist (Remote),TalentPop App,failed|wp_post_failed,2026-07-23T22:37:28.289751,
4668d115bf629d2d,https://jm.linkedin.com/jobs/view/content-reviewer-writer-x1-at-omnisphere-technologies-4442970618,Content Reviewer / Writer - x1,,scraped,2026-07-23T22:37:30.882550,
f4781646b73ac1bf,https://jm.linkedin.com/jobs/view/customer-support-agent-at-talentpop-app-4441022312,Customer Support Agent,TalentPop App,failed|wp_post_failed,2026-07-23T22:37:42.300165,
2d52ecd3a6cf2df1,https://jm.linkedin.com/jobs/view/stage-shortform-creator-at-hibernis-4442557736,Stage Shortform Creator,,scraped,2026-07-23T22:37:44.881228,
66d96c824087eb13,https://jm.linkedin.com/jobs/view/customer-support-agent-at-talentpop-app-4441032005,Customer Support Agent,TalentPop App,failed|wp_post_failed,2026-07-23T22:37:56.006883,
ffc3143a039c365e,https://jm.linkedin.com/jobs/view/e-commerce-sales-specialist-at-talentpop-app-4441025248,E-Commerce Sales Specialist,TalentPop App,failed|wp_post_failed,2026-07-23T22:38:03.307949,
086943e399309d5b,https://jm.linkedin.com/jobs/view/fully-remote-sales-representative-jamaica-bpo-call-center-experience-at-helpgrid-4444010603,Fully Remote | Sales Representative - Jamaica | BPO/Call Center Experience,HelpGrid,failed|wp_post_failed,2026-07-23T22:38:10.682848,
b4fe2bc28d933cdb,https://jm.linkedin.com/jobs/view/shopify-e-commerce-assistant-at-talentpop-app-4441091520,Shopify/ E-Commerce Assistant,TalentPop App,failed|wp_post_failed,2026-07-23T22:38:19.037437,
582a65769059ab99,https://jm.linkedin.com/jobs/view/customer-support-agent-at-talentpop-app-4441015761,Customer Support Agent,TalentPop App,failed|wp_post_failed,2026-07-23T22:38:26.544012,
6201610a89ef7be9,https://jm.linkedin.com/jobs/view/transshipment-coordinator-20003660-at-zim-integrated-shipping-services-4441052205,Transshipment Coordinator 20003660,ZIM Integrated Shipping Services,failed|wp_post_failed,2026-07-23T22:38:40.276599,
011a92c7c93ab026,https://jm.linkedin.com/jobs/view/audit-senior-at-ey-4439275120,Audit Senior,EY,failed|wp_post_failed,2026-07-23T22:38:50.305219,
e7525469244fc734,https://jm.linkedin.com/jobs/view/assistant-fleet-manager-at-jamaica-waste-industries-4442531318,Assistant Fleet Manager,Jamaica Waste Industries,failed|wp_post_failed,2026-07-23T22:39:00.835346,
9f51d1e3c9a8f7a4,https://jm.linkedin.com/jobs/view/executive-partner-at-talentpop-app-4441068381,Executive Partner,TalentPop App,failed|wp_post_failed,2026-07-23T22:39:08.107339,
5ae678fbc1522948,https://jm.linkedin.com/jobs/view/e-commerce-sales-specialist-at-talentpop-app-4441028133,E-Commerce Sales Specialist,TalentPop App,failed|wp_post_failed,2026-07-23T22:39:19.515974,
4c140102a4934903,https://jm.linkedin.com/jobs/view/digital-marketing-assistant-at-talentpop-app-4441013706,Digital Marketing Assistant,TalentPop App,failed|wp_post_failed,2026-07-23T22:39:26.866120,
58add1d59aa40bb3,https://jm.linkedin.com/jobs/view/seo-assistant-at-talentpop-app-4443498436,SEO Assistant,TalentPop App,failed|wp_post_failed,2026-07-23T22:39:35.124050,
c6400f5d81afb60b,https://jm.linkedin.com/jobs/view/seo-assistant-at-talentpop-app-4443807327,SEO Assistant,TalentPop App,failed|wp_post_failed,2026-07-23T22:39:43.435561,
ff2c2be80bbe179d,https://jm.linkedin.com/jobs/view/seo-assistant-at-talentpop-app-4443807293,SEO Assistant,TalentPop App,failed|wp_post_failed,2026-07-23T22:39:51.853969,
321de4bbc75a00db,https://jm.linkedin.com/jobs/view/customer-experience-sales-specialist-at-talentpop-app-4443802438,Customer Experience Sales Specialist,TalentPop App,failed|wp_post_failed,2026-07-23T22:39:59.183541,
f311270924cd257d,https://jm.linkedin.com/jobs/view/consultor%C3%ADa-de-coordinaci%C3%B3n-y-monitoreo-de-operaciones-at-inter-american-development-bank-4444248369,Consultoría de Coordinación y Monitoreo de Operaciones,Inter-American Development Bank,failed|wp_post_failed,2026-07-23T22:40:07.740136,
8706281af439cdd6,https://jm.linkedin.com/jobs/view/digital-marketing-assistant-at-talentpop-app-4443800394,Digital Marketing Assistant,TalentPop App,failed|wp_post_failed,2026-07-23T22:40:15.048632,
91f55075acb92571,https://jm.linkedin.com/jobs/view/customer-experience-sales-specialist-at-talentpop-app-4441017694,Customer Experience Sales Specialist,TalentPop App,failed|wp_post_failed,2026-07-23T22:40:22.473840,
91869d8453762399,https://jm.linkedin.com/jobs/view/customer-experience-sales-specialist-at-talentpop-app-4441010940,Customer Experience Sales Specialist,TalentPop App,failed|wp_post_failed,2026-07-23T22:40:29.907331,
3213d0e4ddea6316,https://jm.linkedin.com/jobs/view/customer-experience-sales-specialist-at-talentpop-app-4441022157,Customer Experience Sales Specialist,TalentPop App,failed|wp_post_failed,2026-07-23T22:40:37.296605,
3f081e7e4e80b565,https://jm.linkedin.com/jobs/view/customer-service-representative-at-talentpop-app-4443811359,Customer Service Representative,TalentPop App,failed|wp_post_failed,2026-07-23T22:40:45.668037,
4b9f7b08e34b2960,https://jm.linkedin.com/jobs/view/customer-service-representative-at-talentpop-app-4443806398,Customer Service Representative,TalentPop App,failed|wp_post_failed,2026-07-23T22:40:54.124261,
66602f3d16987a8a,https://jm.linkedin.com/jobs/view/customer-service-representative-at-talentpop-app-4443803302,Customer Service Representative,TalentPop App,failed|wp_post_failed,2026-07-23T22:41:02.583105,
35a9a8b1c34c89bd,https://jm.linkedin.com/jobs/view/financial-outreach-executive-full-time-remote-at-acumen-strategy-4441541842,Financial Outreach Executive |Full Time | Remote,Acumen Strategy,failed|wp_post_failed,2026-07-23T22:41:09.932634,
21603d3664907fff,https://jm.linkedin.com/jobs/view/risk-associate-at-ey-4441389128,Risk Associate,EY,failed|wp_post_failed,2026-07-23T22:41:20.353304,
7d9c182731de4fee,https://jm.linkedin.com/jobs/view/customer-experience-concierge-e-commerce-at-talentpop-app-4441096282,Customer Experience Concierge (E-Commerce),TalentPop App,failed|wp_post_failed,2026-07-23T22:41:27.951435,
e1aa9071954d4f17,https://jm.linkedin.com/jobs/view/e-commerce-sales-specialist-at-talentpop-app-4441008918,E-Commerce Sales Specialist,TalentPop App,failed|wp_post_failed,2026-07-23T22:41:35.301895,
b0a4bf33311f5971,https://jm.linkedin.com/jobs/view/customer-service-training-specialist-at-talentpop-app-4443803270,Customer Service Training Specialist,TalentPop App,failed|wp_post_failed,2026-07-23T22:41:43.796538,
76fccf5491acd5de,https://jm.linkedin.com/jobs/view/influencer-partnerships-specialist-remote-at-talentpop-app-4441012827,Influencer Partnerships Specialist (Remote),TalentPop App,failed|wp_post_failed,2026-07-23T22:41:51.247259,
96e993a9b4ca5574,https://jm.linkedin.com/jobs/view/shopify-e-commerce-assistant-at-talentpop-app-4441503085,Shopify/ E-Commerce Assistant,TalentPop App,failed|wp_post_failed,2026-07-23T22:41:59.576249,
7e37285623839cbf,https://jm.linkedin.com/jobs/view/accounting-clerk-20003654-at-zim-integrated-shipping-services-4441552806,Accounting Clerk 20003654,ZIM Integrated Shipping Services,failed|wp_post_failed,2026-07-23T22:42:13.111801,
370a9698d8aa1f5c,https://jm.linkedin.com/jobs/view/sales-customer-success-specialist-brand-concierge-at-talentpop-app-4441085835,Sales & Customer Success Specialist (Brand Concierge),TalentPop App,failed|wp_post_failed,2026-07-23T22:42:21.416692,
59c14e7bde4405e0,https://jm.linkedin.com/jobs/view/amazon-va-at-talentpop-app-4441009864,Amazon VA,TalentPop App,failed|wp_post_failed,2026-07-23T22:42:30.974315,
b667fa52e972e983,https://jm.linkedin.com/jobs/view/customer-support-agent-at-talentpop-app-4443811352,Customer Support Agent,TalentPop App,scraped,2026-07-23T22:42:35.076895,
949eeae433527742,https://jm.linkedin.com/jobs/view/seo-assistant-at-talentpop-app-4443804325,SEO Assistant,TalentPop App,failed|wp_post_failed,2026-07-23T22:42:43.508445,
0517c39d9d723c38,https://jm.linkedin.com/jobs/view/customer-advocate-inbound-sales-at-talentpop-app-4443814295,Customer Advocate (Inbound Sales),TalentPop App,failed|wp_post_failed,2026-07-23T22:42:53.996424,
fcb5a5403538553b,https://jm.linkedin.com/jobs/view/digital-technology-sales-managed-it-services-at-itc-worldwide-4442092048,Digital Technology Sales: Managed IT Services,ITC Worldwide,failed|wp_post_failed,2026-07-23T22:43:02.321664,
b9c855669dce3c4c,https://jm.linkedin.com/jobs/view/customer-experience-sales-specialist-at-talentpop-app-4441018611,Customer Experience Sales Specialist,TalentPop App,failed|wp_post_failed,2026-07-23T22:43:09.835109,
8f9e210f3b4f4de5,https://jm.linkedin.com/jobs/view/customer-support-agent-at-talentpop-app-4443495488,Customer Support Agent,TalentPop App,scraped,2026-07-23T22:43:13.872989,
6ea1f0bd925e3ef4,https://jm.linkedin.com/jobs/view/e-commerce-sales-outreach-specialist-at-talentpop-app-4441500113,E-Commerce Sales Outreach Specialist,TalentPop App,failed|wp_post_failed,2026-07-23T22:43:21.714142,
6eb00fc4b2dd129b,https://jm.linkedin.com/jobs/view/customer-experience-concierge-e-commerce-at-talentpop-app-4441088685,Customer Experience Concierge (E-Commerce),TalentPop App,failed|wp_post_failed,2026-07-23T22:43:28.970269,
383f1eb4294f0547,https://jm.linkedin.com/jobs/view/customer-experience-concierge-e-commerce-at-talentpop-app-4441089645,Customer Experience Concierge (E-Commerce),TalentPop App,failed|wp_post_failed,2026-07-23T22:43:36.476466,
868ac5f75337d992,https://jm.linkedin.com/jobs/view/digital-marketing-assistant-at-talentpop-app-4443808335,Digital Marketing Assistant,TalentPop App,failed|wp_post_failed,2026-07-23T22:43:43.791413,
29481e5379773e80,https://jm.linkedin.com/jobs/view/spanish-bilingual-customer-service-specialist-at-talentpop-app-4441028132,Spanish Bilingual Customer Service Specialist,TalentPop App,failed|wp_post_failed,2026-07-23T22:43:51.157376,
ed5bb8e2bfce2b6b,https://jm.linkedin.com/jobs/view/spanish-bilingual-customer-service-specialist-at-talentpop-app-4441009940,Spanish Bilingual Customer Service Specialist,TalentPop App,failed|wp_post_failed,2026-07-23T22:43:58.477487,
b3f5ae61b89db225,https://jm.linkedin.com/jobs/view/zatrudnimy-piel%C4%99gniark%C4%99-piel%C4%99gniarza-na-oddzia%C5%82-chirurgii-urazowo-ortopedycznej-at-specjalistyczny-szpital-im-dra-alfreda-soko%C5%82owskiego-w-wa%C5%82brzychu-4442724179,ZATRUDNIMY PIELĘGNIARKĘ/ PIELĘGNIARZA NA ODDZIAŁ CHIRURGII URAZOWO - ORTOPEDYCZNEJ,,scraped,2026-07-23T22:44:01.060957,
22e4e11d95362a93,https://jm.linkedin.com/jobs/view/e-commerce-sales-outreach-specialist-at-talentpop-app-4441091523,E-Commerce Sales Outreach Specialist,TalentPop App,failed|wp_post_failed,2026-07-23T22:44:14.202524,
992732736da302de,https://jm.linkedin.com/jobs/view/e-commerce-sales-outreach-specialist-at-talentpop-app-4441098181,E-Commerce Sales Outreach Specialist,TalentPop App,scraped,2026-07-23T22:44:18.295513,
ef312438d6cbe79a,https://jm.linkedin.com/jobs/view/general-kitchen-help-caf%C3%A9-at-mandeville-at-gardenworks-canada-4438780932,General Kitchen Help - Café at Mandeville,,scraped,2026-07-23T22:44:20.839045,
ea29067a38b9001a,https://jm.linkedin.com/jobs/view/sales-customer-success-specialist-brand-concierge-at-talentpop-app-4441501122,Sales & Customer Success Specialist (Brand Concierge),TalentPop App,failed|wp_post_failed,2026-07-23T22:44:33.435134,
0f5c58eba2c4a0ef,https://jm.linkedin.com/jobs/view/customer-experience-concierge-e-commerce-at-talentpop-app-4441087744,Customer Experience Concierge (E-Commerce),TalentPop App,failed|wp_post_failed,2026-07-23T22:44:40.753536,
e634da97f201bacd,https://jm.linkedin.com/jobs/view/accounting-services-associate-iii-at-conduent-4444285562,Accounting Services Associate III,Conduent,failed|wp_post_failed,2026-07-23T22:44:48.286033,
1901c845183ff37b,https://jm.linkedin.com/jobs/view/customer-experience-sales-specialist-at-talentpop-app-4443492424,Customer Experience Sales Specialist,TalentPop App,scraped,2026-07-23T22:44:52.281070,
f9ec3cbbd03fe30a,https://jm.linkedin.com/jobs/view/spanish-bilingual-customer-service-specialist-at-talentpop-app-4441019423,Spanish Bilingual Customer Service Specialist,TalentPop App,failed|wp_post_failed,2026-07-23T22:44:59.645042,
5713d005eacd1b84,https://jm.linkedin.com/jobs/view/spanish-bilingual-customer-service-specialist-at-talentpop-app-4441018505,Spanish Bilingual Customer Service Specialist,TalentPop App,scraped,2026-07-23T22:45:03.591918,
1096dde1620cd987,https://jm.linkedin.com/jobs/view/remote-client-conversion-specialist-at-talentpop-app-4441088678,Remote Client Conversion Specialist,TalentPop App,failed|wp_post_failed,2026-07-23T22:45:10.833495,
0aa544647bb27ab7,https://jm.linkedin.com/jobs/view/remote-client-conversion-specialist-at-talentpop-app-4441092410,Remote Client Conversion Specialist,TalentPop App,failed|wp_post_failed,2026-07-23T22:45:18.229043,
87ccdcc5eedfbcd4,https://jm.linkedin.com/jobs/view/remote-client-conversion-specialist-at-talentpop-app-4441083858,Remote Client Conversion Specialist,TalentPop App,failed|wp_post_failed,2026-07-23T22:45:25.483606,
fad537281c6b82c9,https://jm.linkedin.com/jobs/view/sales-customer-success-specialist-brand-concierge-at-talentpop-app-4441099185,Sales & Customer Success Specialist (Brand Concierge),TalentPop App,failed|wp_post_failed,2026-07-23T22:45:33.837340,
ef34ccd315b64f9c,https://jm.linkedin.com/jobs/view/support-engineer-at-sgf-global-4443553801,Support Engineer,SGF Global,failed|wp_post_failed,2026-07-23T22:45:44.740198,
61dd8f844be2d015,https://jm.linkedin.com/jobs/view/spanish-bilingual-customer-service-specialist-at-talentpop-app-4441016720,Spanish Bilingual Customer Service Specialist,TalentPop App,failed|wp_post_failed,2026-07-23T22:45:52.170643,
2cc11b80e4920daa,https://jm.linkedin.com/jobs/view/climate-resilience-and-sustainability-senior-specialist-at-inter-american-development-bank-4440184437,Climate Resilience and Sustainability Senior Specialist,Inter-American Development Bank,failed|wp_post_failed,2026-07-23T22:46:00.674249,
80ef50bfb3856a48,https://jm.linkedin.com/jobs/view/spanish-bilingual-customer-service-specialist-at-talentpop-app-4441019368,Spanish Bilingual Customer Service Specialist,TalentPop App,failed|wp_post_failed,2026-07-23T22:46:08.052187,
313f9f2f47170669,https://jm.linkedin.com/jobs/view/collision-refinish-technician-at-gerber-collision-glass-4441160844,Collision Refinish Technician,Gerber Collision &amp; Glass,failed|wp_post_failed,2026-07-23T22:46:16.487587,
90baed06f715509d,https://jm.linkedin.com/jobs/view/tax-assistant-manager-at-kpmg-in-jamaica-4429098877,Tax Assistant Manager,KPMG in Jamaica,failed|wp_post_failed,2026-07-23T22:46:28.430176,
85f957d0c5b3f9dc,https://jm.linkedin.com/jobs/view/spanish-bilingual-customer-service-specialist-at-talentpop-app-4443812333,Spanish Bilingual Customer Service Specialist,TalentPop App,failed|wp_post_failed,2026-07-23T22:46:35.721943,
f11be889949b08a9,https://jm.linkedin.com/jobs/view/spanish-bilingual-customer-service-specialist-at-talentpop-app-4443813242,Spanish Bilingual Customer Service Specialist,TalentPop App,scraped,2026-07-23T22:46:39.802051,
de6d668f01fc067e,https://jm.linkedin.com/jobs/view/biomedical-imaging-specialist-i-at-jefferson-health-4441122041,Biomedical Imaging Specialist I,Jefferson Health,failed|wp_post_failed,2026-07-23T22:46:49.713360,
0b264a1e9964e48c,https://jm.linkedin.com/jobs/view/spanish-bilingual-customer-service-specialist-at-talentpop-app-4443807306,Spanish Bilingual Customer Service Specialist,TalentPop App,scraped,2026-07-23T22:46:55.727356,
0bae7cbf4984eb90,https://jm.linkedin.com/jobs/view/spanish-bilingual-customer-service-specialist-at-talentpop-app-4443800351,Spanish Bilingual Customer Service Specialist,TalentPop App,scraped,2026-07-23T22:46:59.601403,
3a8dbae4b73b6af8,https://jm.linkedin.com/jobs/view/teller-may-pen-at-sagicor-group-jamaica-limited-4444960047,Teller - May Pen,,scraped,2026-07-25T21:41:06.976802,
b61c3e1325e111b0,https://jm.linkedin.com/jobs/view/branch-administration-assistant-holborn-at-sagicor-group-jamaica-limited-4444957258,Branch Administration Assistant - Holborn,,scraped,2026-07-25T21:41:14.715751,
3c0b224018f9e267,https://jm.linkedin.com/jobs/view/branch-administration-assistant-rai-corporate-circle-contract-at-sagicor-group-jamaica-limited-4444942747,Branch Administration Assistant (RAI) - Corporate Circle (Contract),,scraped,2026-07-25T21:41:21.593922,
626710c8e260b493,https://jm.linkedin.com/jobs/view/teller-new-brunswick-at-sagicor-group-jamaica-limited-4444948553,Teller - New Brunswick,,scraped,2026-07-25T21:41:30.857539,
2bd4a0568ded35eb,https://jm.linkedin.com/jobs/view/shift-manager-at-patel-mcdonald-s-4442611793,Shift Manager,Patel McDonald's,posted,2026-07-25T21:41:46.827099,610
7dfcabe41db26ac2,https://jm.linkedin.com/jobs/view/teller-montego-bay-at-sagicor-group-jamaica-limited-4444951496,Teller - Montego Bay,,scraped,2026-07-25T21:41:49.428198,
7d67049a822100f5,https://jm.linkedin.com/jobs/view/teller-tropical-plaza-contract-at-sagicor-group-jamaica-limited-4444952517,Teller - Tropical Plaza (Contract),,scraped,2026-07-25T21:42:00.391142,
a9693a9e023fb56f,https://jm.linkedin.com/jobs/view/sports-worker-at-baraboo-middle-school-4442508526,Sports Worker,Baraboo Middle School,posted,2026-07-25T21:42:14.515455,612
a09abd0a68b372ee,https://jm.linkedin.com/jobs/view/dispatcher-representative-native-english-caribbean-latam-remote-at-geeks-on-site-4444458172,Dispatcher Representative (Native English - Caribbean & LATAM) - Remote,Geeks on Site,posted,2026-07-25T21:42:22.532964,614
9976b9f41881a0c9,https://jm.linkedin.com/jobs/view/ugc-creator-female-at-dcrayons-4442723636,UGC Creator (Female),,scraped,2026-07-25T21:42:25.155676,
744e38fa269b3243,https://jm.linkedin.com/jobs/view/mystic-coach-at-lifttalk-com-4442733500,Mystic Coach,,scraped,2026-07-25T21:42:33.893957,
68a1c06e948fc73a,https://jm.linkedin.com/jobs/view/accountant-hotel-industry-at-howard-4445312478,Accountant (Hotel Industry),Howard,posted,2026-07-25T21:42:45.218658,55
2ff0af1f4e83757b,https://jm.linkedin.com/jobs/view/remote-inbound-sales-representative-caribbean-at-meadow-memorials-4444252362,Remote Inbound Sales Representative (Caribbean),Meadow Memorials,posted,2026-07-25T21:42:57.221647,616
3534601ec8556f83,https://jm.linkedin.com/jobs/view/early-morning-late-night-crew-at-patel-mcdonald-s-4442622357,Early Morning/Late Night Crew,Patel McDonald's,posted,2026-07-25T21:43:08.801950,618
c3550daa5088a096,https://jm.linkedin.com/jobs/view/packaging-operator-at-the-heineken-company-4444397830,Packaging Operator,The HEINEKEN Company,posted,2026-07-25T21:43:33.552928,620
f7a52ddd83798f25,https://jm.linkedin.com/jobs/view/staff-auditor-kingston-office-at-crichtonmullings-associates-4444784698,Staff Auditor (Kingston office),,scraped,2026-07-25T21:43:38.194065,
aee138c278ac5f41,https://jm.linkedin.com/jobs/view/customer-experience-associate-ii-at-conduent-4444279686,Customer Experience Associate II,Conduent,posted,2026-07-25T21:43:59.535013,335
68fe1bb29c477a5c,https://jm.linkedin.com/jobs/view/audit-senior-opportunities-in-2026-jamaica-at-deloitte-4373170406,Audit Senior (Opportunities in 2026) - Jamaica,Deloitte,posted,2026-07-25T21:44:10.207075,622
5d84d6d2acbf1b56,https://jm.linkedin.com/jobs/view/career-discovery-programme-voor-phd-s-en-postdocs%0A2-november-2026-9-februari-2027-at-vu-amsterdam-mba-programs-4445296070,"Career Discovery Programme voor PhD's en postdocs
2 november 2026 - 9 februari 2027",,scraped,2026-07-25T21:44:12.895477,
2071e1bde5664d86,https://jm.linkedin.com/jobs/view/skip-to-content-at-airmen-coders-4442316649,Skip to content,Airmen Coders,posted,2026-07-27T22:37:41.526189,624
e7a0a967e095c085,https://jm.linkedin.com/jobs/view/sports-and-recreation-at-us-gove-4445922697,Sports and Recreation,US Gove,posted,2026-07-27T22:37:50.044139,626
df8083f228273b4c,https://jm.linkedin.com/jobs/view/cashier-mbj-at-dhl-express-4445958110,Cashier- MBJ,DHL Express,posted,2026-07-27T22:38:00.298803,628
a229cc0d0df4817d,https://jm.linkedin.com/jobs/view/desimixtape-at-gander-ecommerce-solutions-4444852417,DesiMixTape,Gander Ecommerce Solutions,posted,2026-07-27T22:38:15.667559,630
a53c1e7dfe563f9c,https://jm.linkedin.com/jobs/view/coporate-design-at-howald-biberstein-4445368038,Coporate Design,Howald Biberstein,posted,2026-07-27T22:38:26.600045,632
18027b9fc78ef747,https://jm.linkedin.com/jobs/view/logistics-coordinator-at-vxi-global-solutions-4445157300,Logistics Coordinator,VXI Global Solutions,posted,2026-07-27T22:38:35.177091,634
5be23383b22038c1,https://jm.linkedin.com/jobs/view/fi-associate-relationship-manager-at-states-of-guernsey-4442614772,FI Associate Relationship Manager,,scraped,2026-07-27T22:38:37.778745,
3f758ae0f4ad4070,https://jm.linkedin.com/jobs/view/https-rovorone-com-listing-spice-waggon-jamaica-at-rovorone-4442859558,https://rovorone.com/listing/spice-waggon-jamaica/,Rovorone,posted,2026-07-27T22:38:50.707181,636
b6847481c57dbed4,https://jm.linkedin.com/jobs/view/creador-a-de-contenido-pov-para-ia-remoto-at-mindrift-data-annotation-projects-4443361754,Creador(a) de Contenido POV para IA - Remoto,Mindrift Data Annotation Projects,posted,2026-07-27T22:38:57.739832,638
dd75f5469778d647,https://jm.linkedin.com/jobs/view/https-brokehipster-com-listings-lloyds-bank-at-broke-hipster-4444800714,https://brokehipster.com/listings/lloyds-bank,,scraped,2026-07-27T22:39:00.377886,
f02d7cd505118b2e,https://jm.linkedin.com/jobs/view/assistente-comercial-at-allianca-consultoria-e-recursos-humanos-4442929171,Assistente Comercial,Allianca Consultoria E Recursos Humanos,posted,2026-07-27T22:39:14.124914,640
687439a21093aa28,https://jm.linkedin.com/jobs/view/analista-s%C3%AAnior-de-melhoria-cont%C3%ADnua-at-allianca-consultoria-e-recursos-humanos-4442923303,Analista Sênior de Melhoria Contínua,Allianca Consultoria E Recursos Humanos,posted,2026-07-27T22:39:22.626586,642
9305cd4ddc2f9525,https://jm.linkedin.com/jobs/view/project-group-apprenticeships-at-project-group-uk-4443550221,Project Group Apprenticeships,,scraped,2026-07-27T22:39:25.225430,
a8c5f00410799d20,https://jm.linkedin.com/jobs/view/erik-wiesehan-at-stanford-health-policy-4444696265,Erik Wiesehan:,Stanford Health Policy,posted,2026-07-27T22:39:37.575903,644
b309be749248d8b4,https://jm.linkedin.com/jobs/view/client-resource-specialist-floater-at-north-iowa-community-action-organization-4443940219,Client Resource Specialist Floater,NORTH IOWA COMMUNITY ACTION ORGANIZATION,posted,2026-07-27T22:39:46.329582,646
426239f7f7e067e8,https://jm.linkedin.com/jobs/view/regional-market-manager-at-rude-boy-drinks-4443090235,Regional Market Manager,Rude Boy Drinks,posted,2026-07-27T22:39:57.888539,648
70bcf1af5693ba0a,https://jm.linkedin.com/jobs/view/online-order-support-va-at-talentpop-app-4442366826,Online Order Support VA,TalentPop App,posted,2026-07-27T22:40:02.714726,227
4bf813883b2e4168,https://jm.linkedin.com/jobs/view/operations-officer-at-vfs-global-4446106966,Operations Officer,,scraped,2026-07-27T22:40:05.376951,
330188e7b4fed845,https://jm.linkedin.com/jobs/view/design-services-at-window-concepts-limited-4445669507,Design Services,Window Concepts Limited,posted,2026-07-27T22:40:41.874231,650
c6c0dbb5e67ddbb5,https://jm.linkedin.com/jobs/view/video-editor-intern-at-wizz-4440419220,Video Editor Intern,Wizz,posted,2026-07-27T22:40:52.489612,652
43ee81e7327d9523,https://jm.linkedin.com/jobs/view/ex-mbb-strategy-consultant-ai-training-remote-at-mindrift-4445309903,Ex-MBB Strategy Consultant - AI Training (Remote),Mindrift,posted,2026-07-27T22:41:00.587849,654
4b3bbbd774f9276a,https://jm.linkedin.com/jobs/view/landscape-construction-estimator-at-the-todd-group-inc-4442365519,Landscape Construction Estimator,The Todd Group Inc.,posted,2026-07-27T22:41:09.608404,656
1eae1ec20c16a14a,https://jm.linkedin.com/jobs/view/tiktok-influencer-marketing-assistant-at-talentpop-app-4442827100,TikTok Influencer Marketing Assistant,TalentPop App,posted,2026-07-27T22:41:14.303570,193
6a511564c7dc6972,https://jm.linkedin.com/jobs/view/healthcare-specialist-4446129118,Healthcare Specialist,Absolut Skin Incorporated,posted,2026-07-27T22:41:21.476888,658
9f949aa186b0f1da,https://jm.linkedin.com/jobs/view/digital-sales-support-representative-at-talentpop-app-4442378790,Digital Sales & Support Representative,TalentPop App,posted,2026-07-27T22:41:34.228641,221
c421460123fdab59,https://jm.linkedin.com/jobs/view/chief-accountant-at-shadrok-global-business-solutions-4446124278,Chief Accountant,Shadrok Global Business Solutions,posted,2026-07-27T22:41:43.211193,660
2e11481267d469ab,https://jm.linkedin.com/jobs/view/tiktok-shop-support-at-talentpop-app-4442818165,TikTok Shop Support,TalentPop App,posted,2026-07-27T22:41:48.054752,428
a51f2c975dbeecc5,https://jm.linkedin.com/jobs/view/tiktok-influencer-marketing-assistant-at-talentpop-app-4442804140,TikTok Influencer Marketing Assistant,TalentPop App,posted,2026-07-27T22:41:52.570675,193
d5b7073183c98f79,https://jm.linkedin.com/jobs/view/customer-service-team-lead-at-talentpop-app-4442815141,Customer Service Team Lead,TalentPop App,posted,2026-07-27T22:42:01.406079,662
527dc5ee3b258889,https://jm.linkedin.com/jobs/view/e-commerce-sales-support-specialist-at-talentpop-app-4442358911,E-Commerce Sales Support Specialist,TalentPop App,posted,2026-07-27T22:42:07.177127,430
1e02dbad07e46661,https://jm.linkedin.com/jobs/view/tiktok-influencer-marketing-assistant-at-talentpop-app-4442827116,TikTok Influencer Marketing Assistant,TalentPop App,posted,2026-07-27T22:42:11.803322,193
409fea3275667dff,https://jm.linkedin.com/jobs/view/project-coordinator-b2b-at-liberty-business-4444652597,"Project Coordinator, B2B",Liberty Business,posted,2026-07-27T22:42:16.333072,119
79e86aba30053a67,https://jm.linkedin.com/jobs/view/konkursy-na-stanowiska-nauczycieli-akademickich-archiwalne-at-emotional-dynamics-of-housing-policy-in-the-visegrad-region-security-as-a-social-value-4445971364,Konkursy na stanowiska nauczycieli akademickich (Archiwalne),Emotional Dynamics of Housing Policy in the Visegrad Region: Security as a Social Value,posted,2026-07-27T22:42:26.991856,664
beec9fa2d9ca3c21,https://jm.linkedin.com/jobs/view/influencer-marketing-specialist-at-talentpop-app-4442826085,Influencer Marketing Specialist,TalentPop App,posted,2026-07-27T22:42:31.512040,438
550497d722e80b98,https://jm.linkedin.com/jobs/view/e-commerce-sales-support-specialist-at-talentpop-app-4442362857,E-Commerce Sales Support Specialist,TalentPop App,posted,2026-07-27T22:42:36.100788,430
17f3362518642d9d,https://jm.linkedin.com/jobs/view/ceo-office-programme-manager-at-digicel-group-4444780483,CEO Office - Programme Manager,,scraped,2026-07-27T22:42:38.729975,
f1b097ca51d69f6e,https://jm.linkedin.com/jobs/view/sales-manager-at-ilds-international-employment-agency-4443182106,Sales Manager,ILDS International Employment Agency,posted,2026-07-27T22:42:50.741041,464
a1a64297e6acd79b,https://jm.linkedin.com/jobs/view/tiktok-shop-support-at-talentpop-app-4442808100,TikTok Shop Support,TalentPop App,posted,2026-07-27T22:42:55.371617,428
c344247a1baf3d2e,https://jm.linkedin.com/jobs/view/tiktok-shop-support-at-talentpop-app-4442817170,TikTok Shop Support,TalentPop App,posted,2026-07-27T22:43:00.227973,428
996bc395a5dff4c2,https://jm.linkedin.com/jobs/view/customer-service-training-specialist-at-talentpop-app-4442840499,Customer Service Training Specialist,TalentPop App,posted,2026-07-27T22:43:09.249401,666
016cd8bd1971d146,https://jm.linkedin.com/jobs/view/siebengradnord%C2%B0-at-studio-linda-walter-4445363592,Siebengradnord°,,scraped,2026-07-27T22:43:11.822745,
523cee1638f2fc79,https://jm.linkedin.com/jobs/view/customer-and-sales-engagement-specialist-at-talentpop-app-4442358910,Customer and Sales Engagement Specialist,TalentPop App,posted,2026-07-27T22:43:20.355778,241
5b79c533930a37da,https://jm.linkedin.com/jobs/view/sales-support-va-at-talentpop-app-4442306397,Sales & Support VA,TalentPop App,posted,2026-07-27T22:43:25.875621,237
4da53a872cf08154,https://jm.linkedin.com/jobs/view/influencer-campaign-coordinator-at-talentpop-app-4441515584,Influencer Campaign Coordinator,TalentPop App,posted,2026-07-27T22:43:34.820850,668
06c9b167d25d32c6,https://jm.linkedin.com/jobs/view/sales-support-va-at-talentpop-app-4442345534,Sales & Support VA,TalentPop App,scraped,2026-07-27T22:43:38.911271,
b19ae3a633ecafcb,https://jm.linkedin.com/jobs/view/marissa-reitsma-at-stanford-health-policy-4444804212,Marissa Reitsma,Stanford Health Policy,posted,2026-07-27T22:43:47.547445,670
02f5409112410f9c,https://jm.linkedin.com/jobs/view/digital-sales-support-representative-at-talentpop-app-4442374797,Digital Sales & Support Representative,TalentPop App,posted,2026-07-27T22:43:52.040316,221
9641f85325ca85f6,https://jm.linkedin.com/jobs/view/digital-sales-support-representative-at-talentpop-app-4442375810,Digital Sales & Support Representative,TalentPop App,posted,2026-07-27T22:43:56.590775,221
60a44d05c9e2ed1a,https://jm.linkedin.com/jobs/view/skip-to-main-content-at-westview-foundation-4443190313,Skip to main content,Westview Foundation,posted,2026-07-27T22:44:05.497029,672
808f914abf7baf1f,https://jm.linkedin.com/jobs/view/spotkanie-partner%C3%B3w-projektu-surface-na-w%C4%99grzech-at-wojew%C3%B3dztwo-kujawsko-pomorskie-4445900115,Spotkanie partnerów projektu Surface na Węgrzech,,scraped,2026-07-27T22:44:08.115549,
8e28d1913f34f787,https://jm.linkedin.com/jobs/view/influencer-marketing-specialist-at-talentpop-app-4442807155,Influencer Marketing Specialist,TalentPop App,posted,2026-07-27T22:44:18.104462,438
d0a6474bf0fb475a,https://jm.linkedin.com/jobs/view/konkursy-na-stanowiska-nauczycieli-akademickich-aktualne-at-emotional-dynamics-of-housing-policy-in-the-visegrad-region-security-as-a-social-value-4445970352,Konkursy na stanowiska nauczycieli akademickich (Aktualne),Emotional Dynamics of Housing Policy in the Visegrad Region: Security as a Social Value,posted,2026-07-27T22:44:26.719415,674
e9d48a6d08a1b838,https://jm.linkedin.com/jobs/view/influencer-marketing-specialist-at-talentpop-app-4442804147,Influencer Marketing Specialist,TalentPop App,posted,2026-07-27T22:44:31.323767,438
051ae091758d2d0d,https://jm.linkedin.com/jobs/view/account-executive-large-enterprise-government-b2b-sales-at-c-w-business-4443098511,"Account Executive - Large Enterprise & Government, B2B Sales",,scraped,2026-07-27T22:44:33.945420,
d478e3b750a40a05,https://jm.linkedin.com/jobs/view/e-commerce-sales-support-specialist-at-talentpop-app-4442359960,E-Commerce Sales Support Specialist,TalentPop App,posted,2026-07-27T22:44:42.456089,430
999c29bb1c800da7,https://jm.linkedin.com/jobs/view/retail-sales-associate-at-the-outlet-shoppes-at-atlanta-4445157879,RETAIL SALES ASSOCIATE,The Outlet Shoppes at Atlanta,posted,2026-07-27T22:44:51.133617,676
0e27c45b68bccc8e,https://jm.linkedin.com/jobs/view/railing-installers-at-accurate-stairs-and-railings-4440499246,Railing Installers,,scraped,2026-07-27T22:44:53.702783,
6156d067d599e2fe,https://jm.linkedin.com/jobs/view/sports-data-collector-football-hayes-jamaica-at-genius-sports-4441571526,"Sports Data Collector (Football) - Hayes, Jamaica",,scraped,2026-07-27T22:45:01.061496,
39439fafd99df16e,https://jm.linkedin.com/jobs/view/customer-service-training-specialist-at-talentpop-app-4442828632,Customer Service Training Specialist,TalentPop App,posted,2026-07-27T22:45:09.351182,666
a69cf601c5fa64da,https://jm.linkedin.com/jobs/view/hvac-engineer-design-%2B-technical-sales-executive-at-aleabra-4445365504,HVAC ENGINEER (Design + Technical Sales)Executive,Aleabra,posted,2026-07-27T22:45:20.936487,678
75a342420b7d7916,https://jm.linkedin.com/jobs/view/senior-python-engineer-ai-coding-agent-evaluation-freelance-at-mindrift-4443764358,Senior Python Engineer - AI Coding Agent Evaluation (Freelance),Mindrift,posted,2026-07-27T22:45:28.885532,680
342e0d3fdc17ecce,https://jm.linkedin.com/jobs/view/influencer-marketing-specialist-at-talentpop-app-4442813144,Influencer Marketing Specialist,TalentPop App,posted,2026-07-27T22:45:33.722785,438
14909b9a2e7aa488,https://jm.linkedin.com/jobs/view/customer-service-training-specialist-at-talentpop-app-4442841487,Customer Service Training Specialist,TalentPop App,posted,2026-07-27T22:45:38.441988,666
65158752ec4f46e0,https://jm.linkedin.com/jobs/view/quality-assurance-associate-iii-at-conduent-4443913118,Quality Assurance Associate III,Conduent,posted,2026-07-27T22:45:46.040274,682
7aea6c0f5e3969a3,https://jm.linkedin.com/jobs/view/japan-reisedokumentation-at-studio-linda-walter-4445363591,Japan Reisedokumentation,,scraped,2026-07-27T22:45:48.654847,
56c25996503177dd,https://jm.linkedin.com/jobs/view/pec-consultant-training-workshop-at-inter-american-development-bank-4441053076,PEC Consultant - Training Workshop,Inter-American Development Bank,posted,2026-07-27T22:46:03.618370,684
9f2d58144dec55e4,https://jm.linkedin.com/jobs/view/sales-support-va-at-talentpop-app-4441898909,Sales & Support VA,TalentPop App,posted,2026-07-27T22:46:08.438104,237
806f7f25600a8cfb,https://jm.linkedin.com/jobs/view/virtual-revenue-closing-expert-at-talentpop-app-4442353533,Virtual Revenue Closing Expert,TalentPop App,posted,2026-07-27T22:46:13.043094,205
2ffc22876f47d9ca,https://jm.linkedin.com/jobs/view/sales-support-va-at-talentpop-app-4442350532,Sales & Support VA,TalentPop App,scraped,2026-07-27T22:46:16.974615,
3e3f4e0afdc0b0e5,https://jm.linkedin.com/jobs/view/virtual-revenue-closing-expert-at-talentpop-app-4442332543,Virtual Revenue Closing Expert,TalentPop App,posted,2026-07-27T22:46:23.581557,205
d0a42ecf0225fd65,https://jm.linkedin.com/jobs/view/virtual-revenue-closing-expert-at-talentpop-app-4442332507,Virtual Revenue Closing Expert,TalentPop App,posted,2026-07-27T22:46:28.295667,205
5a1155fe29cf1d8e,https://jm.linkedin.com/jobs/view/customer-service-team-lead-at-talentpop-app-4442821194,Customer Service Team Lead,TalentPop App,posted,2026-07-27T22:46:33.266089,662
4da9a383e4936a63,https://jm.linkedin.com/jobs/view/online-order-support-va-at-talentpop-app-4442379791,Online Order Support VA,TalentPop App,posted,2026-07-27T22:46:37.973869,227
aeb9b585d86f182d,https://jm.linkedin.com/jobs/view/virtual-revenue-closing-expert-at-talentpop-app-4442307388,Virtual Revenue Closing Expert,TalentPop App,posted,2026-07-27T22:46:42.481279,205
70b85c231e2aa2e0,https://jm.linkedin.com/jobs/view/virtual-revenue-closing-expert-at-talentpop-app-4441895974,Virtual Revenue Closing Expert,TalentPop App,posted,2026-07-27T22:46:47.088507,205
13d02288a9b9febe,https://jm.linkedin.com/jobs/view/virtual-revenue-closing-expert-at-talentpop-app-4442314068,Virtual Revenue Closing Expert,TalentPop App,posted,2026-07-27T22:46:51.668423,205
baf7704811cc7447,https://jm.linkedin.com/jobs/view/virtual-revenue-closing-expert-at-talentpop-app-4442352506,Virtual Revenue Closing Expert,TalentPop App,scraped,2026-07-27T22:46:55.563357,
e5e12f9356619a4b,https://jm.linkedin.com/jobs/view/customer-and-sales-engagement-specialist-at-talentpop-app-4442370800,Customer and Sales Engagement Specialist,TalentPop App,posted,2026-07-27T22:47:02.152349,241
c8c473447226f787,https://jm.linkedin.com/jobs/view/customer-service-team-lead-at-talentpop-app-4442823121,Customer Service Team Lead,TalentPop App,posted,2026-07-27T22:47:06.940895,662
8af9a5fe1d36ba1a,https://jm.linkedin.com/jobs/view/loans-processing-officer-portmore-at-sagicor-group-jamaica-limited-4446511567,Loans Processing Officer - Portmore,,scraped,2026-07-29T22:16:47.109784,
5b6f145fa6e72f37,https://jm.linkedin.com/jobs/view/teller-dominica-drive-contract-at-sagicor-group-jamaica-limited-4444940872,Teller - Dominica Drive (Contract),,scraped,2026-07-29T22:16:58.554100,
4ee1346647d12cad,https://jm.linkedin.com/jobs/view/relationship-manager-corporate-banking-at-sagicor-group-jamaica-limited-4445256942,Relationship Manager - Corporate Banking,,scraped,2026-07-29T22:17:07.507840,
796916a6d02329eb,https://jm.linkedin.com/jobs/view/https-rovorone-com-listing-jamaica-cancer-society-at-rovorone-4442873470,https://rovorone.com/listing/jamaica-cancer-society/,Rovorone,posted,2026-07-29T22:17:22.159280,686
0270b9b83cd0fb33,https://jm.linkedin.com/jobs/view/gymverse-com-at-monoverse-com-4444831738,gymverse.com,Monoverse.com,posted,2026-07-29T22:17:33.327464,688
24b8959196c32724,https://jm.linkedin.com/jobs/view/freelance-grabaci%C3%B3n-de-tareas-cotidianas-para-proyecto-de-ia-at-mindrift-data-annotation-projects-4446325184,Freelance: grabación de tareas cotidianas para proyecto de IA,Mindrift Data Annotation Projects,posted,2026-07-29T22:17:41.976628,690
27d0841c2ff8b019,https://jm.linkedin.com/jobs/view/all-jobs-at-a-r-t-monbat-4445385412,ALL JOBS,,scraped,2026-07-29T22:17:48.565199,
70a412eb44d9b3b9,https://jm.linkedin.com/jobs/view/accountant-hotel-industry-at-howard-4446571093,Accountant (Hotel Industry),Howard,posted,2026-07-29T22:18:01.715621,55
f96014babce846af,https://jm.linkedin.com/jobs/view/legal-intake-specialist-for-us-based-law-firm-remote-at-paired-4443616713,Legal Intake Specialist for US-based Law firm (Remote),Paired,posted,2026-07-29T22:18:11.635512,692
6be587d7c25bd71a,https://jm.linkedin.com/jobs/view/manager-small-business-client-dynamics-caribbean-at-scotiabank-4444377418,"Manager Small Business Client Dynamics, Caribbean",,scraped,2026-07-29T22:18:14.345613,
79c27fa0f1472a24,https://jm.linkedin.com/jobs/view/content-social-media-lead-at-launch-pad-consultancy-limited-4445659155,Content & Social Media Lead,,scraped,2026-07-29T22:18:21.023346,
887a080920f6b992,https://jm.linkedin.com/jobs/view/kirchroa-tropical-at-rijks-media-4446100432,Kirchroa Tropical,,scraped,2026-07-29T22:18:27.108996,
68f53c9cf4cb0a04,https://jm.linkedin.com/jobs/view/social-media-marketing-graphic-designer-intern-at-wizz-4446825286,Social Media Marketing & Graphic Designer Intern,Wizz,posted,2026-07-29T22:18:42.635052,694
e19c13788e08da86,https://jm.linkedin.com/jobs/view/chatbot-developer-whatsapp-telegram-discord-freelance-at-mindrift-4445611359,"Chatbot Developer (WhatsApp, Telegram, Discord) - Freelance",Mindrift,posted,2026-07-29T22:18:49.553327,339
dae70463db422d33,https://jm.linkedin.com/jobs/view/assistant-management-accountant-at-anglian-water-services-4441532723,Assistant Management Accountant,Anglian Water Services,posted,2026-07-29T22:19:01.664038,696
25e54cd1dca16fc3,https://jm.linkedin.com/jobs/view/regional-business-development-manager-at-idm-brands-4444958802,Regional Business Development Manager,IDM Brands,posted,2026-07-29T22:19:12.047903,698
52d3326025c673bd,https://jm.linkedin.com/jobs/view/membership-sales-representative-at-pricesmart-4444145456,Membership Sales Representative,PriceSmart,posted,2026-07-29T22:19:20.585515,700
072d77ea7ceaf89c,https://jm.linkedin.com/jobs/view/financial-advisor-at-sagicor-group-jamaica-limited-4445629752,Financial Advisor,,scraped,2026-07-29T22:19:23.101613,
0b871445d6e17adc,https://jm.linkedin.com/jobs/view/information-security-compliance-officer-at-kpmg-in-barbados-and-the-eastern-caribbean-4446063734,Information Security Compliance Officer,KPMG in Barbados and the Eastern Caribbean,posted,2026-07-29T22:19:49.713328,702
a22f2606d2fb1d31,https://jm.linkedin.com/jobs/view/konkursy-na-stanowiska-nauczycieli-akademickich-zamkni%C4%99te-at-emotional-dynamics-of-housing-policy-in-the-visegrad-region-security-as-a-social-value-4445961451,Konkursy na stanowiska nauczycieli akademickich (Zamknięte),Emotional Dynamics of Housing Policy in the Visegrad Region: Security as a Social Value,posted,2026-07-29T22:20:00.617362,704
e60ccaacb2960143,https://jm.linkedin.com/jobs/view/internal-audit-manager-at-kingston-wharves-limited-4444705234,Internal Audit Manager,,scraped,2026-07-29T22:20:03.325475,
9f1acaab0265bf42,https://jm.linkedin.com/jobs/view/technical-lead-jamaica-remote-full-time-at-altoleap-inc-4446080346,Technical Lead | Jamaica (Remote) | Full-Time,,scraped,2026-07-29T22:20:11.028114,
39181c7e221a342d,https://jm.linkedin.com/jobs/view/spotkanie-na-temat-programu-urbact-at-wojew%C3%B3dztwo-kujawsko-pomorskie-4443238786,Spotkanie na temat programu URBACT,,scraped,2026-07-29T22:20:19.412665,
cc5cdee0641dbab6,https://jm.linkedin.com/jobs/view/neurolov-ambassador-at-wizz-4446825285,Neurolov Ambassador,Wizz,posted,2026-07-29T22:20:30.050000,562
50e377f91cabbbdc,https://jm.linkedin.com/jobs/view/hpflex%C2%AE-electrical-corrugated-joiner-at-hp-profiles-4446420099,HPFLEX® Electrical Corrugated Joiner,,scraped,2026-07-29T22:20:32.736159,
320f75f2cf07d099,https://jm.linkedin.com/jobs/view/information-security-compliance-officer-at-kpmg-in-jamaica-4446076384,Information Security Compliance Officer,KPMG in Jamaica,posted,2026-07-29T22:20:42.986579,702
4eae34a280bd144c,https://jm.linkedin.com/jobs/view/medical-assistant-at-heart-smart-centre-4446841111,Medical Assistant,,scraped,2026-07-29T22:20:47.646420,
bf09b4780da70f23,https://jm.linkedin.com/jobs/view/compliance-analyst-at-the-jamaica-national-group-4445748835,Compliance Analyst,The Jamaica National Group,posted,2026-07-31T22:37:31.813478,706
1c6074ad058ec275,https://jm.linkedin.com/jobs/view/agile-coach-6-month-contract-at-sagicor-group-jamaica-limited-4445268422,Agile Coach (6-month Contract),,scraped,2026-07-31T22:37:34.431590,
f180143fed72f1af,https://jm.linkedin.com/jobs/view/part-time-%E2%80%93-the-sandbox-at-children-resource-ctr-4445051139,Part-time – The Sandbox,Children Resource Ctr,posted,2026-07-31T22:37:43.448083,51
ecbdef8565de461c,https://jm.linkedin.com/jobs/view/client-relationship-officer-at-the-jamaica-national-group-4445168513,Client Relationship Officer,The Jamaica National Group,posted,2026-07-31T22:37:50.907492,458
f2f46530e4df1c0d,https://jm.linkedin.com/jobs/view/project-coordinator-learning-development-at-kpmg-in-jamaica-4446305715,Project Coordinator - Learning & Development,KPMG in Jamaica,posted,2026-07-31T22:38:01.674933,708
64b040bfca0d5ca7,https://jm.linkedin.com/jobs/view/record-your-daily-routine-get-paid-ai-training-remote-at-mindrift-data-annotation-projects-4443252208,Record Your Daily Routine & Get Paid - AI Training (Remote),Mindrift Data Annotation Projects,posted,2026-07-31T22:38:08.377424,183
938663cd945ad72c,https://jm.linkedin.com/jobs/view/director-a-de-producci%C3%B3n-electromec%C3%A1nicas-jamaica-at-estel-ingenier%C3%ADa-y-obras-s-a-4445179333,Director/a de Producción Electromecánicas (Jamaica),,scraped,2026-07-31T22:38:12.930946,
0cda2f1f24afc1d8,https://jm.linkedin.com/jobs/view/f1-drivers-championship-at-predictmarketcap-4444501499,F1 Drivers' Championship,PredictMarketCap,posted,2026-07-31T22:38:28.937770,710
1cf1d5e130269a1b,https://jm.linkedin.com/jobs/view/hr-administration-officer-at-vantageone-marketing-group-4445969481,HR & Administration Officer,,scraped,2026-07-31T22:38:33.555168,
4dbe3d99ad6ad260,https://jm.linkedin.com/jobs/view/finance-controller-at-bahia-principe-hotels-resorts-4445508378,Finance Controller,,scraped,2026-07-31T22:38:39.936825,
6165c5b4da96ee3d,https://jm.linkedin.com/jobs/view/caribbean-administrative-associate-at-concacaf-4443272974,Caribbean Administrative Associate,CONCACAF,posted,2026-07-31T22:38:53.287433,712
5b521c71e2f215b6,https://jm.linkedin.com/jobs/view/creador-a-de-contenido-pov-para-ia-remoto-at-mindrift-data-annotation-projects-4446352665,Creador(a) de Contenido POV para IA - Remoto,Mindrift Data Annotation Projects,posted,2026-07-31T22:39:00.962402,714
3b2bd563edfc4637,https://jm.linkedin.com/jobs/view/https-rovorone-com-listing-caymanas-at-rovorone-4442858515,https://rovorone.com/listing/caymanas/,Rovorone,posted,2026-07-31T22:39:10.675273,716
b765e93db5a378e3,https://jm.linkedin.com/jobs/view/administrative-and-legal-assistant-at-arc-construction-4446788014,Administrative And Legal Assistant,ARC Construction,posted,2026-07-31T22:39:22.398968,718
f90e0576343c36b2,https://jm.linkedin.com/jobs/view/fluent-english-spanish-sales-consultant-future-openings-remotely-at-supportyourapp-4447021660,"(fluent English & Spanish) Sales Consultant (Future Openings, remotely)",SupportYourApp,posted,2026-07-31T22:39:33.038166,720
279fd4a1710205b8,https://jm.linkedin.com/jobs/view/group-leaders-%E2%80%93-quest-%40-sherrills-ford-and-quest-%40-maiden-elem-at-children-resource-ctr-4445050146,Group Leaders – QUEST @ Sherrills Ford and QUEST @ Maiden Elem.,Children Resource Ctr,posted,2026-07-31T22:39:37.948179,25
b871c71b4b53e941,https://jm.linkedin.com/jobs/view/assistant-program-coordinator-%E2%80%93-quest-at-children-resource-ctr-4445067052,Assistant Program Coordinator – QUEST,Children Resource Ctr,posted,2026-07-31T22:39:46.137444,722
8e4bfa4458713253,https://jm.linkedin.com/jobs/view/country-manager-direcci%C3%B3n-operaciones-at-lhh-4445470878,Country Manager - Dirección Operaciones,LHH,posted,2026-07-31T22:39:55.009893,724
328d2a15019717ce,https://jm.linkedin.com/jobs/view/general-manager-03523-7802-jamaica-ave-at-lato-jobs-4447505612,General Manager(03523) - 7802 Jamaica Ave,,scraped,2026-07-31T22:39:59.645998,
96618ce357d9a834,https://jm.linkedin.com/jobs/view/head-start-teacher-%E2%80%93-newton-head-start-i-care-inc-at-children-resource-ctr-4445061109,"Head Start Teacher – Newton Head Start (I-CARE, INC)",Children Resource Ctr,posted,2026-07-31T22:40:11.635949,726
20ee5cc3347ee101,https://jm.linkedin.com/jobs/view/high-ticket-sales-closer-media-marketing-%7E%24250k%2B-ote-remote-at-inside-success-tv-network-4444526379,High-Ticket Sales Closer (Media/Marketing) | ~$250k+ OTE | Remote,Inside Success TV & Network,posted,2026-07-31T22:40:19.184957,728
7ab2f3f46b38f25f,https://jm.linkedin.com/jobs/view/part-time-afternoon-%E2%80%93-teacher%E2%80%99s-assistant-%E2%80%93-tabernacle-kids-early-learning-center-at-children-resource-ctr-4445062105,Part Time Afternoon – Teacher’s Assistant – Tabernacle Kids Early Learning Center,Children Resource Ctr,posted,2026-07-31T22:40:27.963148,730
c6739be298314fdf,https://jm.linkedin.com/jobs/view/part-time-afternoon-%E2%80%93-teacher%E2%80%99s-assistant-%E2%80%93-tabernacle-kids-early-learning-center-at-children-resource-ctr-4445045162,Part Time Afternoon – Teacher’s Assistant – Tabernacle Kids Early Learning Center,Children Resource Ctr,scraped,2026-07-31T22:40:32.226845,
777fd8b343a0fb9a,https://jm.linkedin.com/jobs/view/wyk%C5%82ad-na-wydziale-chemii-ug-at-liceum-og%C3%B3lnokszta%C5%82c%C4%85ce-nr-i-dla-doros%C5%82ych-4444871600,WYKŁAD NA WYDZIALE CHEMII UG,Liceum Ogólnokształcące nr I dla Dorosłych,posted,2026-07-31T22:40:40.686755,732
7cc6c37670cfc171,https://jm.linkedin.com/jobs/view/skip-to-content-at-interplay-software-4445521024,Skip to content,,scraped,2026-07-31T22:40:44.860846,
0aaaea8747d26684,https://jm.linkedin.com/jobs/view/sports-writers-at-templar-yearbook-4446932861,Sports Writers,Templar Yearbook,posted,2026-07-31T22:40:57.620531,734
aac21358c85676b9,https://jm.linkedin.com/jobs/view/higher-treatment-satisfaction-with-depot-buprenorphine-compared-with-daily-sublingual-buprenorphine-at-recademy-4447538953,Higher Treatment Satisfaction With Depot Buprenorphine Compared With Daily Sublingual Buprenorphine,RECADEMY,posted,2026-07-31T22:41:10.743538,736
f9d9415d2504dc12,https://jm.linkedin.com/jobs/view/content-manager-at-i-c-d-s-integrated-communications-digital-solutions-inc-4446705432,CONTENT MANAGER,I.C.D.S. (Integrated Communications &amp; Digital Solutions) Inc.,posted,2026-07-31T22:41:15.450520,520
97d0d65fbec35875,https://jm.linkedin.com/jobs/view/maintenance-manager-at-ilds-international-employment-agency-4447176649,Maintenance Manager,,scraped,2026-07-31T22:41:18.056981,
d889f7b859b4bd9a,https://jm.linkedin.com/jobs/view/compliance-manager-at-guardian-group-4447185502,Compliance Manager,,scraped,2026-07-31T22:41:25.072466,
e4022a7d3d96ffc9,https://jm.linkedin.com/jobs/view/audit-associate-jamaica-at-acca-careers-4447294836,Audit Associate - Jamaica,,scraped,2026-07-31T22:41:33.932917,
edc741201d99ff58,https://jm.linkedin.com/jobs/view/infant-toddler-teacher-%E2%80%93-first-baptist-hickory-child-development-center-at-children-resource-ctr-4445050151,Infant/Toddler Teacher – First Baptist Hickory Child Development Center,Children Resource Ctr,posted,2026-07-31T22:41:46.537975,738
d300b8f05dc7bbf7,https://jm.linkedin.com/jobs/view/lead-three-year-old-teacher-%E2%80%93-little-stars-child-development-center-%E2%80%93-claremont-at-children-resource-ctr-4445056104,Lead Three Year Old Teacher – Little Stars Child Development Center – Claremont,Children Resource Ctr,posted,2026-07-31T22:41:56.071447,740
0967044e0c56f1ac,https://jm.linkedin.com/jobs/view/resource-planning-services-at-sabnam-exports-4444870183,Resource Planning Services,Sabnam Exports,posted,2026-07-31T22:42:07.250906,742
d88f09f8e251b2a0,https://jm.linkedin.com/jobs/view/ballon-d-or-winner-2026-at-predictmarketcap-4444510277,Ballon d'Or Winner 2026,PredictMarketCap,posted,2026-07-31T22:42:15.992692,744
18c2be7cc5c43bd3,https://jm.linkedin.com/jobs/view/receiving-supervisor-at-iberostar-hotels-resorts-4445531830,Receiving Supervisor,,scraped,2026-07-31T22:42:18.579701,
9d192b20c92f6363,https://jm.linkedin.com/jobs/view/sales-support-specialist-at-optimum-4447539947,Sales Support Specialist,Optimum,posted,2026-07-31T22:42:29.394807,347
681ba60314e17fa2,https://jm.linkedin.com/jobs/view/adventures-in-publishing-finding-a-gig-as-a-computer-book-author-at-techwhirl-4447008781,Adventures in Publishing: Finding a Gig as a Computer Book Author,TechWhirl,posted,2026-07-31T22:42:38.364933,746
ed50d88f22368b46,https://jm.linkedin.com/jobs/view/security-professionals-4447244958,Security Professionals,ASSL Security Services Jamaica Ltd,posted,2026-07-31T22:42:47.293196,748
6ae8e0c52303cc7f,https://jm.linkedin.com/jobs/view/financial-institutions-liaison-loan-officer-part-time-at-sell-eazi-ja-4446340075,Financial Institutions Liaison (Loan Officer/Part-time),Sell Eazi JA,posted,2026-07-31T22:42:57.032890,750
84081395558a0b36,https://jm.linkedin.com/jobs/view/salesperson-4446810642,Salesperson,Baltic Enterprise Ltd.,posted,2026-07-31T22:43:01.186790,476
e3652611e7a6a9d9,https://jm.linkedin.com/jobs/view/sales-account-executive-4441424220,Sales Account Executive,Virtro Modern Technologies Limited,posted,2026-07-31T22:43:08.715353,752
72f28bd738795354,https://jm.linkedin.com/jobs/view/server-%E2%80%93-the-alley-neighborhood-grille-at-ohiomeansjobs-highland-county-4444102293,Server – The Alley Neighborhood Grille,OhioMeansJobs Highland County,posted,2026-07-31T22:43:18.668198,754
7a7c8e6fd83d154a,https://jm.linkedin.com/jobs/view/executive-driver-at-iberostar-hotels-resorts-4445530400,Executive Driver,,scraped,2026-08-01T21:40:54.060909,
9f082ab4643e518e,https://jm.linkedin.com/jobs/view/sales-admin-coordinator-at-bat-4443247559,Sales Admin Coordinator,,scraped,2026-08-01T21:41:04.851660,
611f6627b4704b45,https://jm.linkedin.com/jobs/view/now-hiring-nature-discovery-camp-counselor-%E2%80%93-posting-closed-at-shield-ranch-4447709865,Now Hiring: Nature Discovery Camp Counselor – POSTING CLOSED,Shield Ranch,posted,2026-08-01T21:41:21.801931,756
2ed53a6d352d5259,https://jm.linkedin.com/jobs/view/account-manager-at-select-brands-jamaica-4446387314,Account Manager,Select Brands Jamaica,posted,2026-08-01T21:42:12.405307,758
2245f050c0482e07,https://jm.linkedin.com/jobs/view/senior-auditor-4446595927,Senior Auditor,Daly Garrick Daly,posted,2026-08-01T21:42:23.535944,760
2ad237205a0e7f55,https://jm.linkedin.com/jobs/view/marketing-and-business-development-coordinator-4447062826,Marketing And Business Development Coordinator,Island Gully Falls Limited,posted,2026-08-01T21:42:30.806301,762
1a79eb4e339b14fd,https://jm.linkedin.com/jobs/view/audit-senior-opportunities-in-2026-jamaica-at-acca-careers-4447506731,Audit Senior (Opportunities in 2026) - Jamaica,,scraped,2026-08-01T21:42:33.401324,
c1ef20ecb08a19f8,https://jm.linkedin.com/jobs/view/dating-relationship-coach-at-headfone-4447468594,Dating & Relationship Coach,,scraped,2026-08-01T21:42:40.174881,
a64fb5785789d8a1,https://jm.linkedin.com/jobs/view/contact-centre-sales-specialist-agent-at-pens-com-4446310803,Contact Centre Sales Specialist Agent,Pens.com,posted,2026-08-01T21:42:54.097295,764
7c5cd6572c9d77f1,https://jm.linkedin.com/jobs/view/accounting-services-associate-iii-at-conduent-4444524636,Accounting Services Associate III,Conduent,posted,2026-08-01T21:43:02.800564,153
4e487c1e91f2d799,https://jm.linkedin.com/jobs/view/contracted-procurement-associate-at-vxi-global-solutions-4447155758,Contracted Procurement Associate,VXI Global Solutions,posted,2026-08-01T21:43:11.348902,766
eb5ddd3ea981de4c,https://jm.linkedin.com/jobs/view/jobs-in-mandeville-at-hood-daniel-well-company-4446593506,Jobs in Mandeville,HOOD-DANIEL WELL COMPANY,posted,2026-08-01T21:43:23.400834,768
29903a34752f4fdc,https://jm.linkedin.com/jobs/view/shelter-program-manager-at-samaritan-s-purse-4447073011,Shelter Program Manager,Samaritan's Purse,posted,2026-08-01T21:43:31.064898,770
a81bfd53009dfe10,https://jm.linkedin.com/jobs/view/customer-service-representative-at-gracekennedy-financial-group-4447562990,Customer Service Representative,,scraped,2026-08-01T21:43:37.627286,
9e3a6b8a86e56ff0,https://jm.linkedin.com/jobs/view/financial-controller-at-goddard-enterprises-ltd-4447085920,Financial Controller,,scraped,2026-08-01T21:43:44.271770,
8033eaad058bf8ea,https://jm.linkedin.com/jobs/view/head-of-partnerships-latam-20542-at-somewhere-4447567496,Head of Partnerships (LATAM) - 20542,Somewhere,posted,2026-08-01T21:43:58.993454,772
c40f0513d13d0d89,https://jm.linkedin.com/jobs/view/service-technieker-dienst-na-verkoop-at-deforche-construction-group-4443239034,Service technieker dienst na verkoop,,scraped,2026-08-01T21:44:05.587646,
47b7db2aa7f5ff12,https://jm.linkedin.com/jobs/view/jamaica-at-travel-smart-travel-fast-4447599624,Jamaica,Travel Smart Travel Fast,posted,2026-08-01T21:44:18.623327,774
1ebb033ae73834a6,https://jm.linkedin.com/jobs/view/massage-therapist-at-evolve-college-4447480529,Massage therapist,Evolve College,posted,2026-08-01T21:44:28.904368,776
f83a803409afe4cf,https://jm.linkedin.com/jobs/view/senior-seo-specialist-at-ottomatik-io-4447461736,Senior SEO Specialist,Ottomatik.io,posted,2026-08-01T21:44:38.528890,778
f22faa7a5eadf3e6,https://jm.linkedin.com/jobs/view/osoba-na-stanowisko-doradcy-handlowo-technicznego-at-regamet-producent-pokry%C4%87-dachowych-4445589534,Osoba na stanowisko doradcy Handlowo-Technicznego,REGAMET - Producent Pokryć Dachowych,posted,2026-08-01T21:44:47.028228,780
e92cad865e511531,https://jm.linkedin.com/jobs/view/solicitor-associate-property-litigation-at-harrison-drury-solicitors-4378347497,Solicitor/Associate - Property Litigation,,scraped,2026-08-01T21:44:49.692477,
13c91188e8eabd1c,https://jm.linkedin.com/jobs/view/head-office-content-migration-intern-at-exo-saudi-arabia-4445073510,Head Office | Content Migration Intern,EXO Saudi Arabia,posted,2026-08-01T21:45:02.848658,782
16a3fa280809c429,https://jm.linkedin.com/jobs/view/graphic-design-internship-at-printwand-4446421081,Graphic Design Internship,Printwand,posted,2026-08-01T21:45:11.561769,784
c6f3ebe76679d1e2,https://jm.linkedin.com/jobs/view/pay-application-construction-template-at-docs-and-slides-4447814357,Pay Application Construction Template,Docs And Slides,posted,2026-08-01T21:45:19.895149,786
450f0f9f4e7921ff,https://jm.linkedin.com/jobs/view/membership-application-form-template-at-docs-and-slides-4447819197,Membership Application Form Template,Docs And Slides,posted,2026-08-01T21:45:28.376038,788
d7545e8875d88761,https://jm.linkedin.com/jobs/view/systems-technician-jamaica-at-iberostar-hotels-resorts-4444181453,Systems Technician Jamaica,,scraped,2026-08-01T21:45:32.967882,
c56a90617f66ef2d,https://jm.linkedin.com/jobs/view/business-relationship-compliance-analyst-at-kpmg-in-jamaica-4446347917,Business Relationship Compliance Analyst,KPMG in Jamaica,posted,2026-08-01T21:45:46.802802,790
e6305f4985f65644,https://jm.linkedin.com/jobs/view/construction-manager-at-iberostar-hotels-resorts-4442852631,Construction Manager,,scraped,2026-08-01T21:45:51.446968,
6f6d924cff2c833b,https://jm.linkedin.com/jobs/view/teacher-%E2%80%93-christ-church-cdc-at-children-resource-ctr-4445046145,Teacher – Christ Church CDC,Children Resource Ctr,posted,2026-08-01T21:46:06.401346,792
19cbffbb238a7410,https://jm.linkedin.com/jobs/view/chef-at-elite-advantage-services-4447840905,Chef,Elite Advantage Services,posted,2026-08-01T21:46:19.210673,794
4a9115722f159f96,https://jm.linkedin.com/jobs/view/regional-service-leader-at-empresa-confidencial-4445738922,Regional Service Leader,Empresa Confidencial,posted,2026-08-01T21:46:29.365365,796
f34c136d75e3bbe7,https://jm.linkedin.com/jobs/view/project-leader-%E2%80%93-debt-collection-at-affinity-business-services-limited-jamaica-4448311998,Project Leader – Debt Collection,,scraped,2026-08-03T22:35:47.095987,
889a827e5c4ce08d,https://jm.linkedin.com/jobs/view/preschool-assistant-%E2%80%93-st-stephens-lutheran-preschool-at-children-resource-ctr-4445049166,Preschool Assistant – St. Stephens Lutheran Preschool,Children Resource Ctr,posted,2026-08-03T22:36:01.423757,798
5b8a8ed777cc9cbc,https://jm.linkedin.com/jobs/view/assistant-program-coordinator-%E2%80%93-quest-%40-webb-murray-at-children-resource-ctr-4445062101,Assistant Program Coordinator – QUEST @ Webb Murray,Children Resource Ctr,posted,2026-08-03T22:36:10.196981,800
9422b63ac69d88e4,https://jm.linkedin.com/jobs/view/preschool-assistant-%E2%80%93-st-stephens-lutheran-preschool-at-children-resource-ctr-4445056107,Preschool Assistant – St. Stephens Lutheran Preschool,Children Resource Ctr,scraped,2026-08-03T22:36:16.177850,
265d240c31b8f9d6,https://jm.linkedin.com/jobs/view/wednesday-night-nursery-%E2%80%93-first-baptist-church-kids-ministry-at-children-resource-ctr-4445048163,Wednesday Night Nursery – First Baptist Church Kids Ministry,Children Resource Ctr,posted,2026-08-03T22:36:28.650169,802
398ef74b5aeade66,https://jm.linkedin.com/jobs/view/employee-experience-specialist-americas-us-canada-latam-at-remotepass-4448336105,Employee Experience Specialist - Americas (US/Canada/LATAM),RemotePass,posted,2026-08-03T22:36:36.448194,804
653e5c9bff4b1226,https://jm.linkedin.com/jobs/view/preschool-aide-%E2%80%93-concordia-lutheran-preschool-at-children-resource-ctr-4445058112,Preschool Aide – Concordia Lutheran Preschool,Children Resource Ctr,posted,2026-08-03T22:36:45.668397,806
d2f2cdb9f8bd3779,https://jm.linkedin.com/jobs/view/managing-director-at-the-tryall-golf-beach-club-4444180474,Managing Director,,scraped,2026-08-03T22:36:48.246736,
40948a5d3b8795cb,https://jm.linkedin.com/jobs/view/marie-at-tom-luscombe-state-farm-4447256386,MARIE,Tom Luscombe State Farm,posted,2026-08-03T22:37:00.527521,808
66c4213aceb99bf2,https://jm.linkedin.com/jobs/view/head-start-teacher-%E2%80%93-newton-head-start-at-children-resource-ctr-4445065081,Head Start Teacher – Newton Head Start,Children Resource Ctr,posted,2026-08-03T22:37:09.211136,810
56e74ed00c2d9673,https://jm.linkedin.com/jobs/view/floater-closers-%E2%80%93-kidspoint-childcare-center-at-children-resource-ctr-4445058114,Floater/ Closers – KidsPoint Childcare Center,Children Resource Ctr,posted,2026-08-03T22:37:17.560923,812
bfbf00d15ba1ba10,https://jm.linkedin.com/jobs/view/jasper-at-hot9ja-4448127384,Jasper,Hot9ja,posted,2026-08-03T22:37:28.051803,814
def6cfdc911b0c5c,https://jm.linkedin.com/jobs/view/video-editor-intern-at-wizz-4446824314,Video Editor Intern,Wizz,posted,2026-08-03T22:37:36.851194,652
d2c3113e775df098,https://jm.linkedin.com/jobs/view/content-marketing-specialist-at-paydads-digital-marketing-4448134367,Content Marketing Specialist,,scraped,2026-08-03T22:37:43.429731,
bf767157d5b4c7cb,https://jm.linkedin.com/jobs/view/sales-lead-%E2%80%94-partnerships-sponsorships-revenue-cannabis-media-and-events-at-sovereign-city-entertainment-4447897643,"Sales Lead — Partnerships, Sponsorships & Revenue- Cannabis media and events",,scraped,2026-08-03T22:37:50.212974,
316694f52f9b8b04,https://jm.linkedin.com/jobs/view/idb-invest-institutional-and-corporate-legal-affairs-division-compliance-officer-at-idb-invest-4443200355,IDB Invest - Institutional and Corporate Legal Affairs Division - Compliance Officer,IDB Invest,posted,2026-08-03T22:38:04.408859,816
8eca9201582cd8ff,https://jm.linkedin.com/jobs/view/application-support-engineer-trilogy-remote-%2460-000-year-usd-at-crossover-4445776437,"Application Support Engineer, Trilogy (Remote) - $60,000/year USD",Crossover,posted,2026-08-03T22:38:12.389303,818
1260ba676bc2c596,https://jm.linkedin.com/jobs/view/assistant-greenkeeper-at-british-international-golf-greenkeepers-association-bigga-4448146536,Assistant Greenkeeper,,scraped,2026-08-03T22:38:14.931143,
44ea53e0293157c3,https://jm.linkedin.com/jobs/view/workshop-operations-marketing-coordinator-at-cherry-assistant-4447420056,Workshop Operations & Marketing Coordinator,Cherry Assistant,posted,2026-08-03T22:38:26.922954,820
0d83e0f73eae0d76,https://jm.linkedin.com/jobs/view/street-art-apartment-in-athens-at-imaginary-rooms-4447857690,Street art Apartment in Athens,,scraped,2026-08-03T22:38:31.547746,
a5196b99d7ac0b3c,https://jm.linkedin.com/jobs/view/senior-python-data-scraping-engineer-freelance-at-mindrift-4444567376,Senior Python Data Scraping Engineer (Freelance),Mindrift,posted,2026-08-03T22:38:45.973214,349
24b66fc5fe9a04f3,https://jm.linkedin.com/jobs/view/commission-only-sales-representative-at-aluwan-jamaica-limited-ta-growers-chain-4448399844,Commission Only Sales Representative,,scraped,2026-08-03T22:38:48.610744,
87f989ef7378f8e6,https://jm.linkedin.com/jobs/view/contact-centre-sales-specialist-agent-%E2%80%93-upsell-sales-at-pens-com-4446357467,Contact Centre Sales Specialist Agent – Upsell Sales,Pens.com,posted,2026-08-03T22:39:04.406006,822
35c195422e1f6e96,https://jm.linkedin.com/jobs/view/vendor-growth-lead-at-mangoerrands-global-payments-4447999057,Vendor Growth Lead,MangoErrands Global Payments,posted,2026-08-03T22:39:15.369203,824
becd4f5ee077e290,https://jm.linkedin.com/jobs/view/senior-python-engineer-ai-coding-agent-evaluation-freelance-at-mindrift-4444154455,Senior Python Engineer - AI Coding Agent Evaluation (Freelance),Mindrift,posted,2026-08-03T22:39:20.317637,680
d74c72fe590d7510,https://jm.linkedin.com/jobs/view/freelance-mobile-app-developer-ios-android-at-mindrift-4446575043,Freelance Mobile App Developer (iOS / Android),Mindrift,posted,2026-08-03T22:39:25.301753,570
ff7cb23ebae549c3,https://jm.linkedin.com/jobs/view/outbounds-sales-team-leader-at-vxi-global-solutions-4446930292,Outbounds sales Team Leader,VXI Global Solutions,posted,2026-08-03T22:39:34.322131,826
a404454d8669bc61,https://jm.linkedin.com/jobs/view/associate-f-b-manager-at-grand-palladium-hotels-resorts-4447566287,Associate F&B Manager,,scraped,2026-08-03T22:39:40.898240,
3f1f3cb51d454bdf,https://jm.linkedin.com/jobs/view/read-more-at-lancashire-careers-hub-4444528489,READ MORE,,scraped,2026-08-03T22:39:51.457518,
356174ebaddf914c,https://jm.linkedin.com/jobs/view/read-more-at-lancashire-careers-hub-4444535314,READ MORE,,scraped,2026-08-03T22:39:58.272594,
5ba7bc5dedb972d1,https://jm.linkedin.com/jobs/view/read-more-at-lancashire-careers-hub-4444533442,READ MORE,,scraped,2026-08-05T22:38:56.306658,
479bc1f17a89e426,https://jm.linkedin.com/jobs/view/terra-habitus-at-terranovita-bv-4447382257,Terra Habitus,,scraped,2026-08-05T22:39:07.828834,
039a2e808c7239d7,https://jm.linkedin.com/jobs/view/friendship-application-template-at-docs-and-slides-4447820241,Friendship Application Template,Docs And Slides,posted,2026-08-05T22:39:22.003364,828
9f0b2ccc15197560,https://jm.linkedin.com/jobs/view/product-manager-at-openskills-4447346911,Product Manager,OpenSkills,posted,2026-08-05T22:39:30.793015,830
cfbbe1b4cd1bbea0,https://jm.linkedin.com/jobs/view/when-posts-and-dms-reinforce-each-other-at-coldoutreach-blog-4448999333,When posts and DMs reinforce each other,COLDOUTREACH.BLOG,posted,2026-08-05T22:39:39.526639,832
c2b014d8c0d54d33,https://jm.linkedin.com/jobs/view/office-attendant-at-centerfield-4446656811,Office Attendant,Centerfield,posted,2026-08-05T22:39:47.710946,834
f312e1bd2a3c9312,https://jm.linkedin.com/jobs/view/align-your-content-calendar-with-outreach-at-coldoutreach-blog-4448997378,Align your content calendar with outreach,COLDOUTREACH.BLOG,posted,2026-08-05T22:39:57.889893,836
ed1dbd8022336824,https://jm.linkedin.com/jobs/view/should-i-hire-a-generalist-or-ecommerce-specialist%3F-at-btng-b-v-4448994748,Should I hire a generalist or ecommerce specialist?,,scraped,2026-08-05T22:40:00.541760,
4b75ca10dc85df66,https://jm.linkedin.com/jobs/view/agc-studio-at-agc-studio-4445870320,AGC Studio,AGC Studio,posted,2026-08-05T22:40:13.042055,838
28cbe419a18bab9f,https://jm.linkedin.com/jobs/view/developer-advocate-at-openskills-4447357541,Developer Advocate,OpenSkills,posted,2026-08-05T22:40:24.023154,840
a7a7e047cdb239bc,https://jm.linkedin.com/jobs/view/skip-to-content-at-nerdpress-4448998849,Skip to content,NerdPress,posted,2026-08-05T22:40:28.640382,624
41d4f2ab760e1333,https://jm.linkedin.com/jobs/view/follow-us-on-instagram-at-economix-jp-4449478558,Follow us on Instagram,,scraped,2026-08-05T22:40:31.147808,
1441e8e116a01ec9,https://jm.linkedin.com/jobs/view/design-system-across-web-%2B-native-at-hypoth-4447381845,Design System Across Web + Native,Hypoth,posted,2026-08-05T22:40:43.376282,842
e50bf4d2f0e7ab9a,https://jm.linkedin.com/jobs/view/sports-administrator-at-strathmore-university-institute-for-family-studies-and-ethics-4447269757,Sports Administrator,Strathmore University Institute for Family Studies and Ethics,posted,2026-08-05T22:40:55.337302,844
c69c3880668815f4,https://jm.linkedin.com/jobs/view/how-to-build-a-resume-at-growmyresume-4449178180,How To Build A Resume,growmyresume,posted,2026-08-05T22:41:03.986560,846
3f76105b50a6dd06,https://jm.linkedin.com/jobs/view/devesh-mohan-dixit-at-shikshak-digital-publishing-4448202311,Devesh Mohan Dixit,Shikshak Digital Publishing,posted,2026-08-05T22:41:12.242124,848
f7aa559390d620e3,https://jm.linkedin.com/jobs/view/field-technician-at-klazin-future-technology-4447997713,Field Technician,,scraped,2026-08-05T22:41:16.815129,
2028f4765e5adce2,https://jm.linkedin.com/jobs/view/website-design-%0A%E2%82%A6-30000-at-loja-nigeria-4447320466,"Website Design  
₦ 30000",,scraped,2026-08-05T22:41:25.384232,
2dee9b4db4e2f84d,https://jm.linkedin.com/jobs/view/group-leaders-at-webb-murray-elem-catawba-elem-snow-creek-elem-at-children-resource-ctr-4445057097,"Group Leaders  at Webb Murray Elem, Catawba Elem., Snow Creek Elem.",Children Resource Ctr,posted,2026-08-05T22:41:37.425610,850
70a6b439af0a65ba,https://jm.linkedin.com/jobs/view/sales-executive-at-klazin-future-technology-4447992809,Sales Executive,,scraped,2026-08-05T22:41:40.016425,
1dc6721f84593e95,https://jm.linkedin.com/jobs/view/janitor-at-thehivecareers-4448912746,Janitor,TheHiveCareers,posted,2026-08-05T22:41:51.990646,852
1323229123cd9d35,https://jm.linkedin.com/jobs/view/social-media-content-creator-at-mama-s-koelkast-4449631712,SOCIAL MEDIA CONTENT CREATOR,,scraped,2026-08-05T22:41:54.559011,
4dd01571c1f0c032,https://jm.linkedin.com/jobs/view/real-estate-sales-advisor-commission-based-at-sagicor-group-jamaica-limited-4449406186,Real Estate Sales Advisor (Commission - Based),,scraped,2026-08-05T22:42:01.289596,
38104510d0ed5603,https://jm.linkedin.com/jobs/view/product-designer-resume-at-growmyresume-4449177174,Product Designer Resume,growmyresume,posted,2026-08-05T22:42:13.563518,854
947f1529065b1e50,https://jm.linkedin.com/jobs/view/personal-support-worker-psw-at-paramed-home-health-care-4449084118,Personal Support Worker (PSW),,scraped,2026-08-05T22:42:16.037280,
15d010c59c557d3c,https://jm.linkedin.com/jobs/view/different-graphic-design-at-gacor-inc-4446757349,DIFFERENT GRAPHIC DESIGN,,scraped,2026-08-05T22:42:22.300708,
7c26654b6b7289e7,https://jm.linkedin.com/jobs/view/accounting-services-associate-iv-at-conduent-4440504441,Accounting Services Associate IV,Conduent,posted,2026-08-05T22:42:32.505598,45
ee0960907165eddf,https://jm.linkedin.com/jobs/view/line-cook-at-couples-resorts-4449003587,Line Cook,Couples Resorts,posted,2026-08-05T22:42:41.046022,856
e2919fbf70e0fa0e,https://jm.linkedin.com/jobs/view/investigations-employee-relations-officer-at-vxi-global-solutions-4449325113,Investigations & Employee Relations Officer,VXI Global Solutions,posted,2026-08-05T22:42:49.965321,858
373a722d7a6699cf,https://jm.linkedin.com/jobs/view/junior-media-buyer-at-cherry-assistant-4448536741,Junior Media Buyer,Cherry Assistant,posted,2026-08-05T22:42:57.560780,860
94d05583ef08a8bd,https://jm.linkedin.com/jobs/view/anthony-joshua-s-long-road-back-from-personal-tragedy-to-heavyweight-redemption-at-fochis-4447348385,Anthony Joshua's Long Road Back: From Personal Tragedy to Heavyweight Redemption,Fochis,posted,2026-08-05T22:43:06.187224,862
f2397541b7a84bc7,https://jm.linkedin.com/jobs/view/salesman-at-tropical-renewable-energy-4449138719,SALESMAN,,scraped,2026-08-05T22:43:08.676065,
82991d9b27d155eb,https://jm.linkedin.com/jobs/view/skip-to-content-at-mytheast-4449474327,Skip to content,Mytheast,posted,2026-08-05T22:43:28.851210,624
5a4539c875f34783,https://jm.linkedin.com/jobs/view/kitchen-staff-substitute-at-opaa%21-food-management-4448566992,Kitchen Staff Substitute,Opaa! Food Management,posted,2026-08-05T22:43:37.395863,101
1d73fa302b642365,https://jm.linkedin.com/jobs/view/researcher-content-creator-at-yaskravi-4447625335,Researcher & Content Creator,Yaskravi,posted,2026-08-05T22:43:45.867359,864
08144410d2e35cdb,https://jm.linkedin.com/jobs/view/infant-teacher-and-full-time-assistant-teacher-%E2%80%93-little-stars-child-development-center-at-children-resource-ctr-4445052135,Infant Teacher and Full time Assistant Teacher – Little Stars Child Development Center,Children Resource Ctr,posted,2026-08-05T22:43:54.203995,866
dad54f8f54dac9d4,https://jm.linkedin.com/jobs/view/social-media-content-creator-freelance-at-agenzia-perseo-4449446692,Social Media Content Creator - Freelance,,scraped,2026-08-05T22:43:56.881614,
f4929b11fb973cae,https://jm.linkedin.com/jobs/view/ux-researcher-resume-at-growmyresume-4449168355,UX Researcher Resume,growmyresume,posted,2026-08-05T22:44:10.998709,868
be32f5b22e43d066,https://jm.linkedin.com/jobs/view/samantha-andrew-at-day-mgmt-uk-4447304667,Samantha Andrew,Day MGMT UK,posted,2026-08-05T22:44:21.528023,870
d7a490db0d01cfe9,https://jm.linkedin.com/jobs/view/request-quote-at-supreme-audio-electronics-4449460233,REQUEST QUOTE,,scraped,2026-08-05T22:44:24.128633,
58357f6ee9985b69,https://jm.linkedin.com/jobs/view/professional-driver-at-service-solutions-consultants-limited-sscl-4447864038,Professional Driver,,scraped,2026-08-05T22:44:33.064931,
4b6b4634e83f63a1,https://jm.linkedin.com/jobs/view/accounts-payable-officer-at-kpmg-in-jamaica-4446780090,Accounts Payable Officer,KPMG in Jamaica,posted,2026-08-05T22:44:48.847222,872
5d793e1967a8009e,https://jm.linkedin.com/jobs/view/read-more-at-lancashire-careers-hub-4444521585,READ MORE,,scraped,2026-08-05T22:44:51.501150,
bb1ac09870503c10,https://jm.linkedin.com/jobs/view/creador-a-de-contenido-pov-para-ia-remoto-at-mindrift-data-annotation-projects-4449904662,Creador(a) de Contenido POV para IA - Remoto,Mindrift Data Annotation Projects,posted,2026-08-05T22:45:03.255670,874
3595c4faebe80914,https://jm.linkedin.com/jobs/view/knowledge-management-specialist-p3-temporary-appointment-6-months-mco-for-the-caribbean-%2300138241-kingston-jamaica-at-unicef-bangladesh-4448934550,"Knowledge Management Specialist, P3, Temporary Appointment (6 months), MCO for the Caribbean, #00138241, Kingston, Jamaica,",UNICEF Bangladesh,posted,2026-08-05T22:45:15.368675,876
15d3860c412ab942,https://jm.linkedin.com/jobs/view/director-%E2%80%93-the-sandbox-child-development-center-at-children-resource-ctr-4445058111,Director – The Sandbox Child Development Center,Children Resource Ctr,posted,2026-08-05T22:45:23.781909,878
a2d9b6609c5cad4d,https://jm.linkedin.com/jobs/view/what-is-a-design-subscription-and-is-it-worth-it%3F-at-btng-b-v-4449106023,What is a design subscription and is it worth it?,,scraped,2026-08-05T22:45:26.339762,
0ffc054069ff1043,https://jm.linkedin.com/jobs/view/kitchen-staff-substitute-at-opaa%21-food-management-4449104449,Kitchen Staff Substitute,Opaa! Food Management,posted,2026-08-05T22:45:34.263259,101
d98a5572ea01c3b1,https://jm.linkedin.com/jobs/view/i%CC%87stanbul-bo%C4%9Fazi-ak%C5%9Fam-yeme%C4%9Fi%CC%87-tekne-turu-vi%CC%87p-ara%C3%A7lar-i%CC%87le-gi%CC%87di%CC%87%C5%9F-d%C3%B6n%C3%BC%C5%9F-ula%C5%9Fim-dahi%CC%87l-at-dgntravel-com-4449423864,İSTANBUL BOĞAZI AKŞAM YEMEĞİ TEKNE TURU VİP ARAÇLAR İLE GİDİŞ DÖNÜŞ ULAŞIM DAHİL,,scraped,2026-08-05T22:45:36.902090,
c3c7cad7fcd9251e,https://jm.linkedin.com/jobs/view/kwiaty-innych-%C5%9Bwiat%C3%B3w-anna-zem%C3%A1nkov%C3%A1-cecilie-markov%C3%A1-marie-kodovsk%C3%A1-oraz-czescy-spiryty%C5%9Bci-at-muzeum-%C5%9Bl%C4%85skie-4449109444,"Kwiaty innych światów. Anna Zemánková, Cecilie Marková, Marie Kodovská oraz czescy spirytyści",,scraped,2026-08-05T22:45:45.558771,
329f8dfdfa33b2f8,https://jm.linkedin.com/jobs/view/specjalista-ds-sprzeda%C5%BCy-link-at-atmsolutions-4445844852,Specjalista ds. Sprzedaży - link,,scraped,2026-08-05T22:45:55.642511,
39e98ab99bd727d1,https://jm.linkedin.com/jobs/view/https-teambuilding-teamtonic-com-team-building-construction-carton-at-team-tonic-services-team-building-4445858312,https://teambuilding-teamtonic.com/team-building-construction-carton/,,scraped,2026-08-05T22:46:02.723492,
f102a9fd923f3c15,https://jm.linkedin.com/jobs/view/integrated-design-at-akademie-ruhr-4449644393,Integrated Design,,scraped,2026-08-05T22:46:10.745624,
4f777f0d62e92324,https://jm.linkedin.com/jobs/view/location-independent-seo-content-writer-at-roibyroy-4449134059,Location-Independent SEO Content Writer,RoibyRoy,posted,2026-08-05T22:46:24.870297,880
d6b0b8614b2ecb1f,https://jm.linkedin.com/jobs/view/inbound-call-center-agent-montego-bay-at-centerfield-4439829880,Inbound Call Center Agent - Montego Bay,Centerfield,posted,2026-08-05T22:46:29.509110,283
768a71207ea02f7c,https://jm.linkedin.com/jobs/view/how-do-i-brief-a-designer-effectively%3F-at-btng-b-v-4448987847,How do I brief a designer effectively?,,scraped,2026-08-05T22:46:32.129163,
b6694929b6f67c0e,https://jm.linkedin.com/jobs/view/should-i-hire-a-freelancer-agency-or-use-a-subscription%3F-at-btng-b-v-4448989798,"Should I hire a freelancer, agency, or use a subscription?",,scraped,2026-08-05T22:46:38.027488,
162d41d2fe022377,https://jm.linkedin.com/jobs/view/content-creator-at-roibyroy-4449119816,Content Creator,RoibyRoy,posted,2026-08-05T22:46:50.156455,882
27d8c423d984c6d0,https://jm.linkedin.com/jobs/view/what-is-btng-studio-s-design-process%3F-at-btng-b-v-4448999670,What is BTNG.studio's design process?,,scraped,2026-08-05T22:46:52.720417,
aa7cfe833afb5c1f,https://jm.linkedin.com/jobs/view/multi-media-content-creator-at-roibyroy-4449119818,Multi-Media Content Creator,RoibyRoy,posted,2026-08-05T22:47:04.868327,884
472f845fa50d113b,https://jm.linkedin.com/jobs/view/how-do-design-subscriptions-work%3F-at-btng-b-v-4448998709,How do design subscriptions work?,,scraped,2026-08-05T22:47:07.423009,
95bd915d9dbf2c52,https://jm.linkedin.com/jobs/view/how-long-does-an-ecommerce-design-project-take%3F-at-btng-b-v-4449103617,How long does an ecommerce design project take?,,scraped,2026-08-05T22:47:13.427035,
87de53d7616385b8,https://jm.linkedin.com/jobs/view/architect-resume-at-growmyresume-4449165362,Architect Resume,growmyresume,posted,2026-08-05T22:47:24.763616,886
6fde0523b1cc7c0e,https://jm.linkedin.com/jobs/view/ux-writer-resume-at-growmyresume-4449178179,UX Writer Resume,growmyresume,posted,2026-08-05T22:47:34.087044,888
afbfe691856ec510,https://jm.linkedin.com/jobs/view/what-tools-do-ux-designers-use%3F-at-btng-b-v-4449105036,What tools do UX designers use?,,scraped,2026-08-05T22:47:36.656238,
801b877be27773a8,https://jm.linkedin.com/jobs/view/quality-assurance-associate-iii-at-conduent-4449411490,Quality Assurance Associate III,Conduent,posted,2026-08-05T22:47:44.503487,682
9707a96398d6d811,https://jm.linkedin.com/jobs/view/graphic-content-creator-at-roibyroy-4449116893,Graphic Content Creator,RoibyRoy,posted,2026-08-05T22:47:53.209152,890
1058fba5c14a452e,https://jm.linkedin.com/jobs/view/avoiding-roth-ira-pitfalls-save-smart-and-worry-less-at-healthyfp-4448976247,Avoiding Roth IRA Pitfalls: Save Smart and Worry Less,HealthyFP,posted,2026-08-05T22:48:02.132001,892
491eb32fa134a806,https://jm.linkedin.com/jobs/view/ux-designer-resume-at-growmyresume-4449164334,UX Designer Resume,growmyresume,posted,2026-08-05T22:48:10.385192,894
6294c1aba1ccb963,https://jm.linkedin.com/jobs/view/ui-designer-resume-at-growmyresume-4449160434,UI Designer Resume,growmyresume,posted,2026-08-05T22:48:18.704283,896
2540142754e3d0cf,https://jm.linkedin.com/jobs/view/read-more-at-lancashire-careers-hub-4444530470,READ MORE,,scraped,2026-08-05T22:48:29.220875,
86af6b1ba91aa6e8,https://jm.linkedin.com/jobs/view/read-more-at-lancashire-careers-hub-4444525553,READ MORE,,scraped,2026-08-05T22:48:35.897821,
81e5685bc08aea63,https://jm.linkedin.com/jobs/view/read-more-at-lancashire-careers-hub-4444530473,READ MORE,,scraped,2026-08-05T22:48:42.578322,
f787cee2e1af2913,https://jm.linkedin.com/jobs/view/read-more-at-lancashire-careers-hub-4444529467,READ MORE,,scraped,2026-08-05T22:48:49.453325,
6ab37d3075f1ab1a,https://jm.linkedin.com/jobs/view/read-more-at-lancashire-careers-hub-4444536285,READ MORE,,scraped,2026-08-05T22:48:56.037414,
b6f4b13eb3e4d771,https://jm.linkedin.com/jobs/view/read-more-at-lancashire-careers-hub-4444534427,READ MORE,,scraped,2026-08-05T22:49:02.689118,
f17d3f3a791b47e7,https://jm.linkedin.com/jobs/view/landscape-construction-estimator-at-the-todd-group-inc-4448043526,Landscape Construction Estimator,The Todd Group Inc.,posted,2026-08-05T22:49:11.492913,656
bf4c7ba0575f3000,https://jm.linkedin.com/jobs/view/skip-to-content-at-nerdpress-4448985962,Skip to content,NerdPress,scraped,2026-08-05T22:49:17.479145,
f06e36596226a13e,https://jm.linkedin.com/jobs/view/land-protection-coordinator-at-weconservepa-4449647928,Land Protection Coordinator,WeConservePA,posted,2026-08-05T22:49:28.946325,898
c35db9447fcaa15a,https://jm.linkedin.com/jobs/view/registered-nurse-4448107245,Registered Nurse,Bioregeneration Integrated Medical Centre,posted,2026-08-05T22:49:35.666871,900
90ac015a89db862e,https://jm.linkedin.com/jobs/view/barista-pt-at-barnes-noble-inc-4448059098,Barista - PT,"Barnes &amp; Noble, Inc.",posted,2026-08-05T22:49:46.213595,902
e2c11ec29d20eede,https://jm.linkedin.com/jobs/view/staff-accountant-at-veta-virtual-4439860601,Staff Accountant,,scraped,2026-08-05T22:49:48.775488,
0b9b2d973cedff12,https://jm.linkedin.com/jobs/view/knowledge-management-specialist-p3-temporary-appointment-6-months-mco-for-the-caribbean-%2300138241-kingston-jamaica-at-unicef-chad-4448059030,"Knowledge Management Specialist, P3, Temporary Appointment (6 months), MCO for the Caribbean, #00138241, Kingston, Jamaica,",Unicef CHAD,posted,2026-08-05T22:50:04.827206,904
8267c642e048f302,https://jm.linkedin.com/jobs/view/knowledge-management-specialist-p3-temporary-appointment-6-months-mco-for-the-caribbean-%2300138241-kingston-jamaica-at-unicef-mk-4448981408,"Knowledge Management Specialist, P3, Temporary Appointment (6 months), MCO for the Caribbean, #00138241, Kingston, Jamaica,",,scraped,2026-08-05T22:50:07.425943,
044490f98ce567af,https://jm.linkedin.com/jobs/view/sales-call-specialist-at-web-rocket-pro-4449026101,Sales Call Specialist,Web Rocket Pro,posted,2026-08-05T22:50:19.347408,906
585391749902b516,https://jm.linkedin.com/jobs/view/chief-compliance-officer-at-make-banking-4449495041,Chief Compliance Officer,,scraped,2026-08-05T22:50:21.934655,
8379df18c67c4b9d,https://jm.linkedin.com/jobs/view/marketing-stagiair-e-at-apprendo-horeca-4445027536,Marketing stagiair(e),,scraped,2026-08-05T22:50:28.126134,
5550409b3254ca65,https://jm.linkedin.com/jobs/view/adszone-tuy%E1%BB%83n-g%E1%BA%A5p-tts-content-kh%C3%B4ng-c%E1%BA%A7n-kinh-nghi%E1%BB%87m-at-adszone-digital-signage-4448930322,ADSzone Tuyển Gấp TTS Content (Không Cần Kinh Nghiệm),,scraped,2026-08-05T22:50:34.477545,
2aff69408715cfde,https://jm.linkedin.com/jobs/view/postdoctoral-researcher-computational-protein-design-antigen-evolution-at-scbiomarkers-utechs-institut-pasteur-4448016488,Postdoctoral Researcher (Computational Protein Design & Antigen Evolution),,scraped,2026-08-05T22:50:42.123716,
c15678800cca088f,https://jm.linkedin.com/jobs/view/theatre-critic-at-kingston-theatre-alliance-4449690079,Theatre Critic,,scraped,2026-08-05T22:50:52.942276,
acc62eb2032501f4,https://jm.linkedin.com/jobs/view/skip-to-content-at-nerdpress-4448986972,Skip to content,NerdPress,scraped,2026-08-05T22:51:00.513988,
2bfe66212ab257ac,https://jm.linkedin.com/jobs/view/driver-4450739729,Driver,Bijoux,posted,2026-08-07T19:41:17.707796,908
882f68c0633f75ab,https://jm.linkedin.com/jobs/view/careers-at-ecomaine-4450358122,CAREERS,ecomaine,posted,2026-08-07T19:41:34.718063,910
5326963572d3e568,https://jm.linkedin.com/jobs/view/%D7%9E%D7%93%D7%A8%D7%99%D7%9A-%D7%94-%D7%9E%D7%A7%D7%A6%D7%95%D7%A2%D7%99-%D7%AA-%D7%9C%D7%97%D7%98%D7%99%D7%91%D7%AA-%D7%94%D7%9E%D7%95%D7%A6%D7%A8%D7%99%D7%9D-%D7%94%D7%9E%D7%A7%D7%A6%D7%95%D7%A2%D7%99%D7%99%D7%9D-%D7%9C%D7%A9%D7%99%D7%A2%D7%A8-at-l-or%C3%A9al-4449758508,מדריך.ה מקצועי.ת לחטיבת המוצרים המקצועיים לשיער,,scraped,2026-08-07T19:41:57.353976,
dc41edb994f4195a,https://jm.linkedin.com/jobs/view/no7-advisor-at-liz-earle-beauty-co-limited-4448905922,No7 Advisor,,scraped,2026-08-07T19:42:08.661123,
dacbe49c5fec9bf3,https://jm.linkedin.com/jobs/view/manager-deposit-investment-at-scotiabank-4448901263,"Manager, Deposit & Investment",,scraped,2026-08-07T19:42:15.595217,
ee6bc0fa26f8d8c8,https://jm.linkedin.com/jobs/view/design-at-doe-technologies-4449638055,Design,DOE Technologies,posted,2026-08-07T19:42:28.217250,912
295cf584a0efc38f,https://jm.linkedin.com/jobs/view/sales-readiness-specialist-at-optimum-4449931650,Sales Readiness Specialist,Optimum,posted,2026-08-07T19:42:37.399721,914
239c8d99d70c6273,https://jm.linkedin.com/jobs/view/hire-agentforce-specialists-at-forcefolks-4447343278,Hire Agentforce Specialists,ForceFolks,posted,2026-08-07T19:42:45.964199,916
d5665b5244f038fa,https://jm.linkedin.com/jobs/view/patrick-at-ruhm-etc-4448136955,Patrick,,scraped,2026-08-07T19:42:48.578778,
206cb31cf474ae69,https://jm.linkedin.com/jobs/view/director-of-maintenance-at-pac-kingston-airport-limited-4450726491,Director of Maintenance,PAC Kingston Airport Limited,posted,2026-08-07T19:43:02.474117,918
daf11ffcacdae9f6,https://jm.linkedin.com/jobs/view/loans-officer-at-monaire-financial-services-4449068953,Loans Officer,Monaire Financial Services,posted,2026-08-07T19:43:13.123318,920
ba750b774c014445,https://jm.linkedin.com/jobs/view/assistant-store-manager-burnaby-mandeville-at-gardenworks-canada-4447372127,Assistant Store Manager - Burnaby-Mandeville,,scraped,2026-08-07T19:43:17.752117,
7f5f9b42e33cad70,https://jm.linkedin.com/jobs/view/vacature-content-creator-bij-yoopublic-at-yoopublic-4449409779,Vacature: Content Creator bij Yoopublic,,scraped,2026-08-07T19:43:38.333573,
581a7de2fb5a3732,https://jm.linkedin.com/jobs/view/it-risk-and-compliance-manager-at-kpmg-in-jamaica-4449690001,IT Risk and Compliance Manager,KPMG in Jamaica,posted,2026-08-07T19:43:49.024971,39
2e12da8fbd84b9bf,https://jm.linkedin.com/jobs/view/accounting-clerk-inventory-at-acca-careers-4448853878,Accounting Clerk (Inventory),,scraped,2026-08-07T19:43:51.694685,
3fb904c4237f9410,https://jm.linkedin.com/jobs/view/how-to-choose-between-roth-and-traditional-retirement-accounts-at-healthyfp-4448977225,How to Choose Between Roth and Traditional Retirement Accounts,HealthyFP,posted,2026-08-07T19:44:05.419094,922
80017e3097e9747d,https://jm.linkedin.com/jobs/view/sales-channels-and-service-provider-network-supervisor-at-acerh-caribe-4449324453,Sales Channels and Service Provider Network Supervisor,ACERH Caribe,posted,2026-08-07T19:44:14.733489,924
c0f270ce668a2653,https://jm.linkedin.com/jobs/view/assistant-to-general-manager-4450265951,Assistant to General Manager,Catcha Falling Star,posted,2026-08-07T19:44:21.435289,926
ab2c2038edc71dc5,https://jm.linkedin.com/jobs/view/skip-to-content-at-kroc-institute-for-international-peace-studies-university-of-notre-dame-4450068769,Skip To Content,"Kroc Institute for International Peace Studies, University of Notre Dame",posted,2026-08-07T19:44:25.971659,624
34cc51e6ff7cac6d,https://jm.linkedin.com/jobs/view/graphic-production-artist-4450732907,Graphic Production Artist,The Herald Printers Ltd,posted,2026-08-07T19:44:32.786521,928
a0a5952e55b399de,https://jm.linkedin.com/jobs/view/sales-representative-at-oca-island-vending-and-supplies-ltd-4448772122,Sales Representative,,scraped,2026-08-07T19:44:35.400710,
b7e160c1da63dd79,https://jm.linkedin.com/jobs/view/associate-director-corporate-finance-at-scotiabank-4449326059,Associate Director Corporate Finance,,scraped,2026-08-07T19:44:41.589029,
acffc27e69fe7088,https://jm.linkedin.com/jobs/view/retirement-pension-rollovers-at-c-i-financial-ltd-4449487490,Retirement Pension Rollovers,,scraped,2026-08-07T19:44:49.920488,
4f6edfefb2bdd526,https://jm.linkedin.com/jobs/view/sales-executive-at-ilds-international-employment-agency-4450327594,Sales Executive,,scraped,2026-08-07T19:44:55.841292,
20466750723e1f6a,https://jm.linkedin.com/jobs/view/finance-intern-at-bat-4449386085,Finance Intern,,scraped,2026-08-07T19:45:04.260872,
193f5f861958556d,https://jm.linkedin.com/jobs/view/idb-invest-legal-senior-associates-or-officers-talent-pool-at-idb-invest-4433021138,IDB Invest - Legal Senior Associates or Officers - Talent Pool,IDB Invest,posted,2026-08-07T19:45:18.081390,930
e000a140290c4edd,https://jm.linkedin.com/jobs/view/sales-representative-cashier-4450722453,Sales Representative/Cashier,Technogenious Solutions Limited,posted,2026-08-07T19:45:27.206012,932
adfef6d4ba5c57bc,https://jm.linkedin.com/jobs/view/field-sales-specialist-%E2%80%93-digital-growth-solutions-at-evolve-marketing-media-4450717116,Field Sales Specialist – Digital Growth Solutions,,scraped,2026-08-07T19:45:29.814317,
468ff6157821c730,https://jm.linkedin.com/jobs/view/cryptocurrency-and-blockchain-journalist-and-reporters-asia-at-coinchapter-4449631120,Cryptocurrency and Blockchain Journalist and Reporters Asia,,scraped,2026-08-07T19:45:40.156314,
f11ec2a03a62d0a2,https://jm.linkedin.com/jobs/view/content-marketing-manager-at-coral-reef-alliance-4448708628,Content Marketing Manager,Coral Reef Alliance,posted,2026-08-07T19:45:54.279849,934
c0cc60b01abf7e82,https://jm.linkedin.com/jobs/view/financial-controller-real-estate-development-at-arc-properties-limited-4450745562,Financial Controller: Real Estate & Development,ARC Properties Limited,posted,2026-08-07T19:46:04.965462,936
cc706e6a7b7bf178,https://jm.linkedin.com/jobs/view/sales-development-representative-at-hire-hangar-4450365337,Sales Development Representative,Hire Hangar,posted,2026-08-07T19:46:09.799682,145
d3dc2b0ee1b4a7e6,https://jm.linkedin.com/jobs/view/senior-manager-social-media-content-creator-at-knock-twice-now-codeword-4448401630,"Senior Manager, Social Media & Content Creator",Knock Twice (now Codeword),posted,2026-08-07T19:46:19.076627,938
3606a9a7ff77e651,https://jm.linkedin.com/jobs/view/website-design-digita-%0A%E2%82%A6-at-loja-nigeria-4447320463,"Website design, digita...  
₦",,scraped,2026-08-07T19:46:21.588731,
cc402d19674e8357,https://jm.linkedin.com/jobs/view/all-jobs-at-paradise-solutions-el-salvador-4450043330,All Jobs,Paradise Solutions El Salvador,posted,2026-08-07T19:46:35.143992,940
b335d9d03271b8b9,https://jm.linkedin.com/jobs/view/auto-parts-sales-representative-at-t-e-auto-parts-4449964587,Auto Parts Sales Representative,T&E Auto Parts,posted,2026-08-07T19:46:44.891614,942
f9f2545da31fb8ae,https://jm.linkedin.com/jobs/view/nursing-careers-resource-at-west-yorkshire-and-harrogate-excellence-centre-4448571163,Nursing Careers Resource,,scraped,2026-08-07T19:46:47.441938,
ec5f83eb7fce1d88,https://jm.linkedin.com/jobs/view/customer-success-manager-remote-at-reddie-group-4450298265,Customer Success Manager (Remote),Reddie Group,posted,2026-08-07T19:46:59.395007,944
16f50a866acf0fba,https://jm.linkedin.com/jobs/view/content-creator-social-media-manager-at-hoi-p-loy-4447335513,CONTENT CREATOR & SOCIAL MEDIA MANAGER,,scraped,2026-08-07T19:47:01.902655,
cc9de26e97b72098,https://jm.linkedin.com/jobs/view/content-writer-junior-editor-german-speaking-at-wisby-limited-4447376054,Content Writer/ Junior Editor (German Speaking),,scraped,2026-08-07T19:47:08.764478,
b046393357c2ee5b,https://jm.linkedin.com/jobs/view/%D8%A7%D9%84%D8%B1%D8%B3%D9%88%D9%85-%D8%A7%D9%84%D9%85%D8%AA%D8%AD%D8%B1%D9%83%D8%A9-%D8%AB%D9%86%D8%A7%D8%A6%D9%8A%D8%A9-%D8%A7%D9%84%D8%A3%D8%A8%D8%B9%D8%A7%D8%AF-%D8%AA%D8%AD%D9%88%D9%84-%D9%81%D9%83%D8%B1%D8%AA%D9%83-%D8%A5%D9%84%D9%89-%D9%82%D8%B5%D8%A9-%D9%85%D9%85%D8%AA%D8%B9%D8%A9-%D9%88%D8%AC%D8%B0%D8%A7%D8%A8%D8%A9-at-goodjob-media-services-4448845613,الرسوم المتحركة ثنائية الأبعاد تحول فكرتك إلى قصة ممتعة وجذابة,GoodJob Media Services,posted,2026-08-07T19:47:21.897859,946
028eddd6ea3f3d50,https://jm.linkedin.com/jobs/view/casting-design-at-north-american-die-casting-association-4448715025,CASTING DESIGN,North American Die Casting Association,posted,2026-08-07T19:47:33.298409,948
f6312fd7168be8a4,https://jm.linkedin.com/jobs/view/international-sales-consultant-at-hansgrohe-north-america-4449779276,International Sales Consultant,Hansgrohe North America,posted,2026-08-07T19:47:37.949528,69
919e3c9381fccb63,https://jm.linkedin.com/jobs/view/future-manager-%E2%80%93-junior-localization-specialist-content-specialist-%E2%80%93-costiera-romagnola-at-mediacomunicazione-4447661982,Future Manager – Junior Localization Specialist /Content Specialist – Costiera Romagnola,,scraped,2026-08-07T19:47:40.589687,
583bcd4eb137fde3,https://jm.linkedin.com/jobs/view/commenting-before-dming-is-it-worth-it%3F-at-coldoutreach-blog-4448993391,Commenting before DMing: is it worth it?,COLDOUTREACH.BLOG,posted,2026-08-07T19:48:04.463588,950
1c44e31318416478,https://jm.linkedin.com/jobs/view/e-commerce-content-creator-at-roibyroy-4449125790,E-Commerce Content Creator,RoibyRoy,posted,2026-08-07T19:48:17.239123,952
407d98968bca411c,https://jm.linkedin.com/jobs/view/social-media-content-creator-at-roibyroy-4448721065,Social Media Content Creator,RoibyRoy,posted,2026-08-07T19:48:23.914070,163
11efe9cf6a66e534,https://jm.linkedin.com/jobs/view/digital-content-creator-at-roibyroy-4449115913,Digital Content Creator,RoibyRoy,posted,2026-08-07T19:48:39.230815,954
32c47c5c566b9867,https://jm.linkedin.com/jobs/view/ux-ui-designer-at-openskills-4447346910,UX/UI Designer,OpenSkills,posted,2026-08-07T19:48:52.028310,956
c61cf53b34322db1,https://jm.linkedin.com/jobs/view/diana-taurasi-cathy-engelbert-kristyn-cook-on-the-wnba%E2%80%99s-explosive-growth-future-of-the-league-at-boardroom-4450317293,"Diana Taurasi, Cathy Engelbert & Kristyn Cook on the WNBA’s Explosive Growth, Future of the League",Boardroom,posted,2026-08-07T19:49:06.846462,958
df240d9f7a1e1e34,https://jm.linkedin.com/jobs/view/social-media-virtual-assistant-at-roibyroy-4449115939,Social Media Virtual Assistant,RoibyRoy,posted,2026-08-07T19:49:21.590483,960
36a8478792c4fefb,https://jm.linkedin.com/jobs/view/procurement-manager-at-veta-virtual-4440623603,Procurement Manager,,scraped,2026-08-07T19:49:28.180127,
01a4e7c85d820b3a,https://jm.linkedin.com/jobs/view/sports-data-collector-football-treasure-beach-jamaica-at-genius-sports-4448084339,"Sports Data Collector (Football) - Treasure Beach, Jamaica",,scraped,2026-08-07T19:49:36.322121,
8c59560c22b3880c,https://jm.linkedin.com/jobs/view/port-administrative-analyst-temporary-project-at-zpmc-latin-america-holding-corporation-4450731492,PORT ADMINISTRATIVE ANALYST (TEMPORARY PROJECT),ZPMC Latin America Holding Corporation,posted,2026-08-07T19:49:54.544002,962
dc4dab9cf1510c85,https://jm.linkedin.com/jobs/view/disbursement-project-assistant-6-month-contract-at-sagicor-group-jamaica-limited-4447727144,Disbursement Project Assistant (6-Month Contract),,scraped,2026-08-07T19:49:57.120154,
4c8630f80f505b08,https://jm.linkedin.com/jobs/view/retail-sales-associate-at-the-outlet-shoppes-at-atlanta-4449366629,RETAIL SALES ASSOCIATE,The Outlet Shoppes at Atlanta,posted,2026-08-07T19:50:06.418424,676
99ea290f6a708b3a,https://jm.linkedin.com/jobs/view/senior-software-engineer-ai-interaction-evaluator-codex-claude-code-up-to-%24200-hr-at-g2i-inc-4447901570,"Senior Software Engineer - AI Interaction Evaluator (Codex / Claude Code, up to $200/hr)",G2i Inc.,posted,2026-08-07T19:50:16.271534,964
f010036b70548fff,https://jm.linkedin.com/jobs/view/dyrektor-zpo-ko%C5%82aczkowice-og%C5%82asza-nab%C3%B3r-na-stanowisko-nauczyciel-logopeda-at-buski-o%C5%9Brodek-sportu-i-rekreacji-w-busku-zdroju-4448588770,Dyrektor ZPO Kołaczkowice ogłasza nabór na stanowisko nauczyciel logopeda,Buski Ośrodek Sportu i Rekreacji w Busku-Zdroju,posted,2026-08-07T19:50:25.119991,966
5ace5d6ced4f650f,https://jm.linkedin.com/jobs/view/job-opportunity-digital-systems-consultant-at-voice-of-purpose-4445813198,JOB OPPORTUNITY: DIGITAL SYSTEMS CONSULTANT,,scraped,2026-08-07T19:50:27.722711,
22684e5e8c1b1021,https://jm.linkedin.com/jobs/view/social-media-and-content-creation-at-womm-lp-105-9fm-the-radiator-4447359621,Social Media and Content Creation,WOMM-LP 105.9FM The Radiator,posted,2026-08-07T19:50:42.974453,968
1465bab9a7775cb1,https://jm.linkedin.com/jobs/view/legal-assistant-at-veta-virtual-4449191957,Legal Assistant,,scraped,2026-08-07T19:50:49.547049,
f401c300efa9829b,https://jm.linkedin.com/jobs/view/customer-support-specialist-at-veta-virtual-4440627449,Customer Support Specialist,,scraped,2026-08-07T19:50:55.736176,
